0,0,0,0,0,0,4
-6.1082519531,2.2825195313,6.4432128906,-0.3817657471,0.1426574707,0.4027008057,4
-6.0915039063,2.5289550781,6.5173828125,-0.3807189941,0.1580596924,0.4073364258,4
-5.8498535156,2.7729980469,6.4336425781,-0.3656158447,0.1733123779,0.4021026611,4
-5.9312011719,2.8806640625,6.5341308594,-0.3707000732,0.1800415039,0.4083831787,4
-6.0699707031,2.7012207031,6.5125976563,-0.3793731689,0.1688262939,0.4070373535,4
-6.0915039063,2.1557128906,6.5748046875,-0.3807189941,0.1347320557,0.410925293,4
-6.2230957031,1.8135742188,6.6441894531,-0.3889434814,0.1133483887,0.4152618408,4
-6.3499023438,1.2800292969,6.450390625,-0.3968688965,0.0800018311,0.4031494141,4
-6.3451171875,1.3183105469,6.4527832031,-0.3965698242,0.0823944092,0.4032989502,4
-6.2087402344,1.4068359375,6.6322265625,-0.3880462646,0.0879272461,0.4145141602,4
-6.105859375,2.1413574219,6.62265625,-0.3816162109,0.1338348389,0.4139160156,4
-6.105859375,1.8351074219,6.680078125,-0.3816162109,0.1146942139,0.4175048828,4
-5.9623046875,2.3854003906,6.6059082031,-0.372644043,0.1490875244,0.4128692627,4
-6.0747558594,2.6749023438,6.5078125,-0.3796722412,0.1671813965,0.4067382813,4
-5.761328125,3.1079589844,6.4743164063,-0.3600830078,0.1942474365,0.4046447754,4
-5.6775878906,3.349609375,6.4719238281,-0.3548492432,0.2093505859,0.4044952393,4
-5.7780761719,3.1486328125,6.565234375,-0.3611297607,0.1967895508,0.4103271484,4
-5.8977050781,2.7921386719,6.3642578125,-0.3686065674,0.174508667,0.3977661133,4
-6.0699707031,2.4715332031,6.5317382813,-0.3793731689,0.1544708252,0.4082336426,4
-6.5006347656,2.1413574219,6.3307617188,-0.4062896729,0.1338348389,0.3956726074,4
-7.3619628906,2.9955078125,1.6915527344,-0.4601226807,0.1872192383,0.1057220459,4
-7.4026367188,2.7706054688,0.9283203125,-0.4626647949,0.1731628418,0.0580200195,4
-9.2401367188,5.8618164063,3.3089355469,-0.5775085449,0.3663635254,0.2068084717,4
-8.46015625,3.923828125,1.5408203125,-0.5287597656,0.2452392578,0.0963012695,4
-7.981640625,4.4836914063,1.7083007813,-0.4988525391,0.2802307129,0.1067687988,4
-7.9361816406,4.7205566406,1.72265625,-0.4960113525,0.29503479,0.1076660156,4
-7.9744628906,4.306640625,1.9475585938,-0.4984039307,0.2691650391,0.1217224121,4
-8.1874023438,4.1295898438,1.7657226563,-0.5117126465,0.2580993652,0.110357666,4
-8.3740234375,3.5816894531,1.5336425781,-0.5233764648,0.2238555908,0.0958526611,4
-8.6348144531,2.966796875,1.4140136719,-0.5396759033,0.1854248047,0.0883758545,4
-8.7687988281,2.7203613281,1.071875,-0.5480499268,0.170022583,0.0669921875,4
-8.99609375,2.2203125,0.9666015625,-0.5622558594,0.1387695313,0.0604125977,4
-9.0702636719,1.5862792969,0.7129882813,-0.5668914795,0.0991424561,0.0445617676,4
-9.0415527344,1.0312011719,0.3182128906,-0.5650970459,0.0644500732,0.0198883057,4
-9.1922851563,-0.5574707031,0.0550292969,-0.5745178223,-0.0348419189,0.0034393311,4
-9.3525878906,-0.0406738281,-0.0550292969,-0.5845367432,-0.0025421143,-0.0034393311,4
-9.3166992188,-0.6555664063,-0.6053222656,-0.5822937012,-0.0409729004,-0.0378326416,4
-9.2808105469,-1.0790527344,-0.7393066406,-0.5800506592,-0.0674407959,-0.046206665,4
-9.2018554688,-1.2202148438,-0.861328125,-0.5751159668,-0.0762634277,-0.0538330078,4
-9.2592773438,-1.0216308594,-0.6292480469,-0.578704834,-0.0638519287,-0.0393280029,4
-9.2353515625,-0.7704101563,-0.2201171875,-0.5772094727,-0.0481506348,-0.0137573242,4
-9.1970703125,-0.3852050781,-0.0622070313,-0.5748168945,-0.0240753174,-0.0038879395,4
-9.244921875,0.0741699219,0.2799316406,-0.5778076172,0.0046356201,0.0174957275,4
-9.244921875,0.7728027344,0.9809570313,-0.5778076172,0.0483001709,0.0613098145,4
-8.9984863281,1.703515625,1.3613769531,-0.5624053955,0.1064697266,0.0850860596,4
-8.8692871094,2.5815917969,1.5647460938,-0.5543304443,0.1613494873,0.0977966309,4
-8.5462890625,3.2060546875,2.5361328125,-0.5341430664,0.200378418,0.1585083008,4
-8.1993652344,3.5529785156,2.4954589844,-0.5124603271,0.2220611572,0.1559661865,4
-8.1012695313,3.8305175781,2.4619628906,-0.5063293457,0.2394073486,0.1538726807,4
-7.92421875,3.9286132813,2.5385253906,-0.4952636719,0.2455383301,0.1586578369,4
-8.0294921875,3.7754882813,2.4978515625,-0.5018432617,0.2359680176,0.1561157227,4
-8.2185058594,3.4788085938,2.56484375,-0.5136566162,0.2174255371,0.1603027344,4
-8.287890625,2.9333007813,2.0958984375,-0.5179931641,0.1833312988,0.1309936523,4
-8.8310058594,2.4260742188,1.6987304688,-0.5519378662,0.1516296387,0.1061706543,4
-8.9984863281,1.8542480469,1.4211914063,-0.5624053955,0.1158905029,0.0888244629,4
-9.1898925781,1.2776367188,0.9881347656,-0.5743682861,0.0798522949,0.0617584229,4
-9.2808105469,0.6436035156,0.6459960938,-0.5800506592,0.0402252197,0.0403747559,4
-9.1707519531,0.7345214844,0.8876464844,-0.5731719971,0.0459075928,0.0554779053,4
-9.2018554688,1.1005859375,0.8278320313,-0.5751159668,0.0687866211,0.051739502,4
-9.0248046875,1.6317382813,1.1915039063,-0.564050293,0.1019836426,0.0744689941,4
-8.670703125,3.4955566406,1.3111328125,-0.5419189453,0.21847229,0.0819458008,4
-8.9458496094,2.8017089844,1.7250488281,-0.5591156006,0.1751068115,0.1078155518,4
-8.3524902344,3.3591796875,2.0145507813,-0.5220306396,0.2099487305,0.1259094238,4
-8.0414550781,3.8568359375,2.5433105469,-0.5025909424,0.2410522461,0.1589569092,4
-7.6873535156,4.3162109375,2.4811035156,-0.4804595947,0.2697631836,0.1550689697,4
-7.3954589844,4.8354003906,2.5720214844,-0.4622161865,0.3022125244,0.1607513428,4
-7.6203613281,4.6798828125,2.5528808594,-0.476272583,0.2924926758,0.1595550537,4
-7.7854492188,4.1056640625,2.7083984375,-0.4865905762,0.2566040039,0.1692749023,4
-8.1180175781,3.1270996094,3.2802246094,-0.5073760986,0.1954437256,0.2050140381,4
-7.9696777344,2.2490234375,4.115234375,-0.4981048584,0.1405639648,0.2572021484,4
-8.7975097656,1.3996582031,3.7683105469,-0.5498443604,0.0874786377,0.2355194092,4
-6.2829101563,2.4093261719,6.6322265625,-0.3926818848,0.1505828857,0.4145141602,4
-6.2661621094,2.7275390625,6.4791015625,-0.3916351318,0.1704711914,0.4049438477,4
-6.3068359375,2.2298828125,6.0604003906,-0.3941772461,0.1393676758,0.3787750244,4
-4.2587890625,3.2251953125,4.9622070313,-0.2661743164,0.201574707,0.3101379395,4
-3.6582519531,4.5482910156,6.5484863281,-0.2286407471,0.2842681885,0.4092803955,4
-5.8163574219,2.3686523438,7.0293945313,-0.3635223389,0.1480407715,0.4393371582,4
-5.6393066406,1.8398925781,7.31171875,-0.352456665,0.1149932861,0.4569824219,4
-4.4501953125,2.8543457031,7.4433105469,-0.278137207,0.1783966064,0.4652069092,4
-4.6081054688,3.9142578125,7.2854003906,-0.2880065918,0.2446411133,0.4553375244,4
-3.3017578125,4.6846679688,6.9504394531,-0.2063598633,0.292791748,0.4344024658,4
-3.1055664063,5.0842285156,6.909765625,-0.1940979004,0.3177642822,0.4318603516,4
-3.541015625,5.3282714844,6.9719726563,-0.2213134766,0.3330169678,0.435748291,4
-3.5434082031,5.09140625,6.8140625,-0.2214630127,0.3182128906,0.4258789063,4
-3.9357910156,4.5770019531,7.0485351563,-0.2459869385,0.2860626221,0.4405334473,4
-4.5315429688,3.7850585938,7.1633789063,-0.2832214355,0.2365661621,0.4477111816,4
-4.8760742188,3.0864257813,7.31171875,-0.3047546387,0.1929016113,0.4569824219,4
-4.7827636719,3.3256835938,7.2997558594,-0.2989227295,0.2078552246,0.4562347412,4
-4.651171875,3.6438964844,7.2016601563,-0.2906982422,0.2277435303,0.4501037598,4
-4.4549804688,3.7587402344,7.2255859375,-0.2784362793,0.2349212646,0.4515991211,4
-4.4645507813,3.7946289063,7.0796386719,-0.2790344238,0.2371643066,0.442477417,4
-4.4765136719,3.8041992188,7.1849121094,-0.2797821045,0.2377624512,0.4490570068,4
-4.5219726563,3.8065917969,7.1538085938,-0.282623291,0.2379119873,0.4471130371,4
-4.5435058594,3.7826660156,7.0533203125,-0.2839691162,0.236416626,0.4408325195,4
-4.5458984375,3.78984375,7.1825195313,-0.2841186523,0.2368652344,0.4489074707,4
-4.5052246094,3.8137695313,7.2830078125,-0.2815765381,0.2383605957,0.4551879883,4
-4.4454101563,3.8137695313,7.1633789063,-0.2778381348,0.2383605957,0.4477111816,4
-4.5147949219,3.962109375,7.3236816406,-0.2821746826,0.2476318359,0.4577301025,4
-4.3090332031,3.8927246094,7.0796386719,-0.2693145752,0.2432952881,0.442477417,4
-4.3473144531,3.7061035156,7.2231933594,-0.2717071533,0.2316314697,0.451449585,4
-4.4454101563,3.6869628906,7.1370605469,-0.2778381348,0.2304351807,0.4460662842,4
-4.4501953125,3.8185546875,7.2064453125,-0.278137207,0.238659668,0.450402832,4
-4.8928222656,3.6415039063,7.0652832031,-0.3058013916,0.2275939941,0.4415802002,4
-4.2707519531,4.0554199219,7.1514160156,-0.2669219971,0.2534637451,0.446963501,4
-4.1846191406,4.0099609375,7.2662597656,-0.2615386963,0.2506225586,0.4541412354,4
-4.3305664063,3.9979980469,7.1418457031,-0.2706604004,0.2498748779,0.4463653564,4
-4.3042480469,3.94296875,7.1514160156,-0.2690155029,0.2464355469,0.446963501,4
-4.32578125,4.0051757813,7.1107421875,-0.2703613281,0.2503234863,0.4444213867,4
-4.1559082031,3.9549316406,7.1657714844,-0.2597442627,0.2471832275,0.4478607178,4
-4.4358398438,4.0027832031,7.1633789063,-0.2772399902,0.2501739502,0.4477111816,4
-4.3520996094,3.8999023438,7.1538085938,-0.2720062256,0.2437438965,0.4471130371,4
-4.0817382813,3.962109375,7.08203125,-0.2551086426,0.2476318359,0.4426269531,4
-4.6679199219,3.3400390625,7.3188964844,-0.2917449951,0.2087524414,0.4574310303,4
-4.8545410156,3.0361816406,7.3165039063,-0.3034088135,0.1897613525,0.4572814941,4
-4.9478515625,2.2992675781,7.3571777344,-0.3092407227,0.1437042236,0.4598236084,4
-4.9215332031,2.1604980469,7.3715332031,-0.3075958252,0.1350311279,0.4607208252,4
-4.7779785156,2.4188964844,7.6323242188,-0.2986236572,0.1511810303,0.4770202637,4
-5.0674804688,2.6126953125,7.7232421875,-0.3167175293,0.163293457,0.4827026367,4
-5.4694335938,1.5934570313,7.5653320313,-0.3418395996,0.0995910645,0.472833252,4
-5.39765625,2.2633789063,7.1920898438,-0.3373535156,0.1414611816,0.4495056152,4
-5.5675292969,3.4213867188,6.0938964844,-0.3479705811,0.2138366699,0.3808685303,4
-5.8402832031,2.9524414063,6.5245605469,-0.3650177002,0.1845275879,0.4077850342,4
-5.4574707031,3.8233398438,6.0604003906,-0.3410919189,0.2389587402,0.3787750244,4
-5.2397460938,3.3950683594,6.3259765625,-0.3274841309,0.2121917725,0.3953735352,4
-4.9909179688,4.0817382813,5.9958007813,-0.311932373,0.2551086426,0.3747375488,4
-4.7014160156,4.3305664063,6.7303222656,-0.293838501,0.2706604004,0.4206451416,4
-4.6368164063,4.3951660156,6.7351074219,-0.2898010254,0.274697876,0.4209442139,4
-4.1295898438,4.70859375,6.7494628906,-0.2580993652,0.2942871094,0.4218414307,4
-4.2946777344,4.8904296875,6.8140625,-0.2684173584,0.3056518555,0.4258789063,4
-5.2469238281,4.24921875,7.0198242188,-0.3279327393,0.2655761719,0.4387390137,4
-4.5722167969,4.6057128906,6.9456542969,-0.2857635498,0.2878570557,0.4341033936,4
-5.3498046875,3.5481933594,6.0460449219,-0.334362793,0.221762085,0.3778778076,4
-6.1489257813,2.9500488281,5.2206054688,-0.3843078613,0.1843780518,0.3262878418,4
-4.8497558594,4.0697753906,6.9695800781,-0.3031097412,0.2543609619,0.4355987549,4
-6.2709472656,2.8399902344,6.5939453125,-0.3919342041,0.1774993896,0.412121582,4
-5.1942871094,3.3591796875,6.4647460938,-0.3246429443,0.2099487305,0.4040466309,4
-4.9215332031,3.8185546875,7.6849609375,-0.3075958252,0.238659668,0.4803100586,4
-5.110546875,3.9262207031,7.2399414063,-0.3194091797,0.2453887939,0.4524963379,4
-4.5793945313,4.0482421875,6.9695800781,-0.2862121582,0.2530151367,0.4355987549,4
-4.4334472656,3.9932128906,7.1490234375,-0.2770904541,0.2495758057,0.4468139648,4
-4.7205566406,3.8496582031,6.8308105469,-0.29503479,0.2406036377,0.4269256592,4
-5.3521972656,3.1055664063,7.2949707031,-0.3345123291,0.1940979004,0.4559356689,4
-5.837890625,1.5551757813,7.2877929688,-0.3648681641,0.0971984863,0.4554870605,4
-6.2613769531,0.8086914063,6.6896484375,-0.3913360596,0.0505432129,0.4181030273,4
-6.8260253906,-0.03828125,6.2661621094,-0.4266265869,-0.0023925781,0.3916351318,4
-7.0868164063,-0.1363769531,5.6799804688,-0.4429260254,-0.0085235596,0.3549987793,4
-6.9360839844,0.095703125,5.9742675781,-0.433505249,0.0059814453,0.3733917236,4
-6.6250488281,0.9546386719,6.3570800781,-0.4140655518,0.059664917,0.3973175049,4
-6.2637695313,1.5001464844,6.5604492188,-0.3914855957,0.0937591553,0.4100280762,4
-6.0269042969,1.9690917969,6.8499511719,-0.3766815186,0.1230682373,0.4281219482,4
-5.8594238281,2.1557128906,6.8834472656,-0.3662139893,0.1347320557,0.4302154541,4
-5.9072753906,2.1916015625,6.7494628906,-0.3692047119,0.1369750977,0.4218414307,4
-5.8689941406,2.1604980469,6.8547363281,-0.3668121338,0.1350311279,0.4284210205,4
-5.9623046875,2.0743652344,6.794921875,-0.372644043,0.1296478271,0.4246826172,4
-5.9623046875,1.933203125,6.7063964844,-0.372644043,0.1208251953,0.4191497803,4
-5.6871582031,1.990625,6.8547363281,-0.3554473877,0.1244140625,0.4284210205,4
-5.8307128906,2.3662597656,6.8499511719,-0.3644195557,0.1478912354,0.4281219482,4
-5.5651367188,2.3040527344,6.9815429688,-0.3478210449,0.1440032959,0.4363464355,4
-5.2277832031,2.5911621094,7.2136230469,-0.3267364502,0.1619476318,0.4508514404,4
-5.1440429688,2.8591308594,7.1035644531,-0.3215026855,0.1786956787,0.4439727783,4
-5.2277832031,2.7251464844,7.15859375,-0.3267364502,0.1703216553,0.4474121094,4
-5.2421386719,2.5696289063,7.1131347656,-0.327633667,0.1606018066,0.4445709229,4
-5.2804199219,2.3566894531,7.2208007813,-0.3300262451,0.1472930908,0.4513000488,4
-5.3809082031,1.8901367188,7.3093261719,-0.3363067627,0.1181335449,0.4568328857,4
-5.3809082031,1.6078125,7.1538085938,-0.3363067627,0.1004882813,0.4471130371,4
-5.6129882813,1.5384277344,7.2495117188,-0.3508117676,0.0961517334,0.4530944824,4
-5.6775878906,1.4953613281,7.0604980469,-0.3548492432,0.093460083,0.4412811279,4
-5.5412109375,1.9499511719,7.1609863281,-0.3463256836,0.1218719482,0.4475616455,4
-5.5340332031,2.0312988281,7.1035644531,-0.3458770752,0.1269561768,0.4439727783,4
-5.3115234375,2.5122070313,7.1250976563,-0.3319702148,0.1570129395,0.4453186035,4
-5.0555175781,2.9380859375,7.0604980469,-0.3159698486,0.1836303711,0.4412811279,4
-5.1392578125,3.0170410156,6.9958984375,-0.3212036133,0.1885650635,0.4372436523,4
-5.1966796875,2.8232421875,6.9982910156,-0.3247924805,0.1764526367,0.4373931885,4
-5.359375,2.5217773438,7.1322753906,-0.3349609375,0.157611084,0.4457672119,4
-5.3474121094,2.3303710938,7.1250976563,-0.3342132568,0.1456481934,0.4453186035,4
-5.4957519531,2.2059570313,7.1203125,-0.3434844971,0.1378723145,0.4450195313,4
-5.416796875,2.162890625,7.1633789063,-0.3385498047,0.1351806641,0.4477111816,4
-5.3761230469,2.1676757813,7.0533203125,-0.3360076904,0.1354797363,0.4408325195,4
-5.3234863281,2.4428222656,7.0581054688,-0.3327178955,0.1526763916,0.4411315918,4
-5.3187011719,2.6461914063,7.1705566406,-0.3324188232,0.1653869629,0.44815979,4
-5.072265625,3.3663574219,6.9432617188,-0.3170166016,0.2103973389,0.4339538574,4
-4.8449707031,3.5960449219,7.0485351563,-0.3028106689,0.2247528076,0.4405334473,4
-4.842578125,3.5338378906,7.0198242188,-0.3026611328,0.2208648682,0.4387390137,4
-5.0172363281,3.3137207031,6.8978027344,-0.3135772705,0.2071075439,0.4311126709,4
-5.2086425781,2.7873535156,7.1490234375,-0.3255401611,0.1742095947,0.4468139648,4
-5.2325683594,2.3686523438,7.2255859375,-0.3270355225,0.1480407715,0.4515991211,4
-5.2158203125,2.0432617188,7.2662597656,-0.3259887695,0.1277038574,0.4541412354,4
-5.4766113281,1.8351074219,7.0509277344,-0.342288208,0.1146942139,0.4406829834,4
-5.4813964844,1.7968261719,7.2447265625,-0.3425872803,0.1123016357,0.4527954102,4
-5.4311523438,1.9068847656,7.2208007813,-0.3394470215,0.1191802979,0.4513000488,4
-5.3761230469,2.0528320313,7.1873046875,-0.3360076904,0.128302002,0.449206543,4
-5.3282714844,2.3758300781,7.3212890625,-0.3330169678,0.1484893799,0.4575805664,4
-5.3067382813,2.6126953125,7.1083496094,-0.3316711426,0.163293457,0.4442718506,4
-5.2660644531,2.79453125,7.1514160156,-0.3291290283,0.1746582031,0.446963501,4
-5.359375,2.7012207031,7.0987792969,-0.3349609375,0.1688262939,0.4436737061,4
-5.3354492188,2.7060058594,7.1609863281,-0.3334655762,0.1691253662,0.4475616455,4
-5.4431152344,3.4979492188,6.8212402344,-0.3401947021,0.2186218262,0.4263275146,4
-6.2948730469,1.9882324219,6.9719726563,-0.3934295654,0.1242645264,0.435748291,4
-6.4360351563,3.1462402344,6.2015625,-0.4022521973,0.1966400146,0.3875976563,4
-5.5196777344,3.9405761719,5.8211425781,-0.3449798584,0.2462860107,0.3638214111,4
-4.2563964844,5.301953125,6.4934570313,-0.2660247803,0.3313720703,0.4058410645,4
-4.2133300781,5.01484375,5.9048828125,-0.2633331299,0.3134277344,0.3690551758,4
-6.6250488281,4.9550292969,5.0411621094,-0.4140655518,0.3096893311,0.3150726318,4
6.8451660156,7.0078613281,12.9223144531,0.427822876,0.437991333,0.8076446533,4
-3.5434082031,6.4336425781,5.20625,-0.2214630127,0.4021026611,0.325390625,4
-2.3184082031,6.718359375,5.8881347656,-0.1449005127,0.4198974609,0.3680084229,4
-4.7540527344,5.6034179688,6.3331542969,-0.2971282959,0.350213623,0.3958221436,4
-4.6990234375,4.5985351563,6.4551757813,-0.2936889648,0.2874084473,0.4034484863,4
-4.9813476563,4.2085449219,6.4336425781,-0.3113342285,0.2630340576,0.4021026611,4
-4.9311035156,4.1367675781,6.6083007813,-0.3081939697,0.2585479736,0.4130187988,4
-5.0746582031,3.8448730469,6.6609375,-0.3171661377,0.2403045654,0.4163085938,4
-5.148828125,3.8305175781,6.6465820313,-0.3218017578,0.2394073486,0.415411377,4
-5.2469238281,3.655859375,6.5987304688,-0.3279327393,0.2284912109,0.4124206543,4
-5.3115234375,3.6223632813,6.6920410156,-0.3319702148,0.2263977051,0.4182525635,4
-5.263671875,3.3759277344,6.6920410156,-0.3289794922,0.2109954834,0.4182525635,4
-5.2828125,3.63671875,6.8547363281,-0.3301757813,0.2272949219,0.4284210205,4
-5.2852050781,3.7539550781,6.6944335938,-0.3303253174,0.2346221924,0.4184020996,4
-5.0937988281,3.9214355469,6.5700195313,-0.3183624268,0.2450897217,0.4106262207,4
-4.9933105469,2.6772949219,7.8237304688,-0.3120819092,0.1673309326,0.4889831543,4
-4.7396972656,4.3018554688,6.5700195313,-0.2962310791,0.2688659668,0.4106262207,4
-4.6200683594,4.3329589844,6.4934570313,-0.2887542725,0.2708099365,0.4058410645,4
-4.9741699219,4.5028320313,6.4982421875,-0.3108856201,0.281427002,0.4061401367,4
-5.0866210938,4.115234375,6.5173828125,-0.3179138184,0.2572021484,0.4073364258,4
-5.3354492188,3.5386230469,6.603515625,-0.3334655762,0.2211639404,0.4127197266,4
-5.4431152344,3.2299804688,6.6920410156,-0.3401947021,0.2018737793,0.4182525635,4
-5.6488769531,3.2993652344,6.6394042969,-0.3530548096,0.2062103271,0.4149627686,4
-5.608203125,3.4668457031,6.5819824219,-0.3505126953,0.2166778564,0.4113739014,4
-5.6775878906,3.5266601563,6.5819824219,-0.3548492432,0.2204162598,0.4113739014,4
-5.6010253906,3.694140625,6.3762207031,-0.3500640869,0.2308837891,0.3985137939,4
-5.493359375,3.828125,6.2541992188,-0.3433349609,0.2392578125,0.3908874512,4
-5.4957519531,4.1271972656,6.2996582031,-0.3434844971,0.2579498291,0.3937286377,4
-5.5196777344,3.7946289063,6.3977539063,-0.3449798584,0.2371643066,0.3998596191,4
-5.493359375,3.5769042969,6.4360351563,-0.3433349609,0.2235565186,0.4022521973,4
-5.5890625,3.5434082031,6.4408203125,-0.3493164063,0.2214630127,0.4025512695,4
-5.608203125,3.387890625,6.5317382813,-0.3505126953,0.2117431641,0.4082336426,4
-5.6058105469,3.3711425781,6.5125976563,-0.3503631592,0.2106964111,0.4070373535,4
-5.6129882813,3.5123046875,6.4097167969,-0.3508117676,0.219519043,0.4006072998,4
-5.6153808594,3.3950683594,6.3786132813,-0.3509613037,0.2121917725,0.3986633301,4
-5.6010253906,3.4548828125,6.4168945313,-0.3500640869,0.2159301758,0.4010559082,4
-5.5627441406,3.63671875,6.5030273438,-0.3476715088,0.2272949219,0.406439209,4
-5.5842773438,3.4692382813,6.4527832031,-0.349017334,0.2168273926,0.4032989502,4
-5.6129882813,3.4596679688,6.5173828125,-0.3508117676,0.216229248,0.4073364258,4
-5.6010253906,3.4381347656,6.526953125,-0.3500640869,0.2148834229,0.4079345703,4
-5.5890625,3.4548828125,6.4551757813,-0.3493164063,0.2159301758,0.4034484863,4
-5.5603515625,3.4213867188,6.4599609375,-0.3475219727,0.2138366699,0.4037475586,4
-5.55078125,3.5194824219,6.4360351563,-0.3469238281,0.2199676514,0.4022521973,4
-5.608203125,3.5051269531,6.6274414063,-0.3505126953,0.2190704346,0.4142150879,4
-5.5388183594,3.464453125,6.6394042969,-0.3461761475,0.2165283203,0.4149627686,4
-5.5603515625,3.4477050781,6.3044433594,-0.3475219727,0.2154815674,0.39402771,4
-5.6177734375,3.4381347656,6.5963378906,-0.3511108398,0.2148834229,0.4122711182,4
-5.5747070313,3.4572753906,6.4647460938,-0.3484191895,0.2160797119,0.4040466309,4
-5.5555664063,3.4213867188,6.4384277344,-0.3472229004,0.2138366699,0.4024017334,4
-5.5890625,3.4668457031,6.4743164063,-0.3493164063,0.2166778564,0.4046447754,4
-5.6369140625,3.4094238281,6.3905761719,-0.3523071289,0.2130889893,0.3994110107,4
-5.6177734375,3.3974609375,6.4743164063,-0.3511108398,0.2123413086,0.4046447754,4
-5.5483886719,3.5721191406,6.2900878906,-0.346774292,0.2232574463,0.3931304932,4
-5.5531738281,3.6534667969,6.4288574219,-0.3470733643,0.2283416748,0.4018035889,4
-5.4431152344,3.71328125,6.4982421875,-0.3401947021,0.2320800781,0.4061401367,4
-5.4981445313,3.6151855469,6.450390625,-0.3436340332,0.2259490967,0.4031494141,4
-5.39765625,3.4477050781,6.6872558594,-0.3373535156,0.2154815674,0.4179534912,4
-5.5436035156,3.3161132813,6.6561523438,-0.3464752197,0.2072570801,0.4160095215,4
-5.5818847656,3.311328125,6.584375,-0.3488677979,0.2069580078,0.4115234375,4
-5.5053222656,3.3950683594,6.4767089844,-0.3440826416,0.2121917725,0.4047943115,4
-5.4574707031,3.521875,6.6202636719,-0.3410919189,0.2201171875,0.4137664795,4
-5.4072265625,3.7084960938,6.4623535156,-0.3379516602,0.2317810059,0.4038970947,4
-5.2325683594,3.8783691406,6.5628417969,-0.3270355225,0.2423980713,0.4101776123,4
-5.2206054688,4.1176269531,6.335546875,-0.3262878418,0.2573516846,0.3959716797,4
-5.3067382813,3.9118652344,6.5365234375,-0.3316711426,0.2444915771,0.4085327148,4
-5.4311523438,3.6319335938,6.5748046875,-0.3394470215,0.2269958496,0.410925293,4
-5.4957519531,3.3256835938,6.6154785156,-0.3434844971,0.2078552246,0.4134674072,4
-5.5627441406,3.1749511719,6.6657226563,-0.3476715088,0.1984344482,0.416607666,4
-5.5603515625,3.1486328125,6.7016113281,-0.3475219727,0.1967895508,0.418850708,4
-5.5077148438,3.1462402344,6.6513671875,-0.3442321777,0.1966400146,0.4157104492,4
-5.5077148438,3.4237792969,6.5724121094,-0.3442321777,0.2139862061,0.4107757568,4
-5.4885742188,3.6008300781,6.6465820313,-0.3430358887,0.2250518799,0.415411377,4
-5.2229980469,3.8209472656,6.4623535156,-0.3264373779,0.2388092041,0.4038970947,4
-5.359375,3.9956054688,6.4001464844,-0.3349609375,0.2497253418,0.4000091553,4
-5.2541015625,4.2420410156,6.2900878906,-0.3283813477,0.2651275635,0.3931304932,4
-5.1631835938,4.0793457031,6.3499023438,-0.3226989746,0.2549591064,0.3968688965,4
-5.3928710938,3.5960449219,6.4719238281,-0.3370544434,0.2247528076,0.4044952393,4
-5.8259277344,3.8975097656,6.0245117188,-0.3641204834,0.2435943604,0.3765319824,4
-5.7445800781,4.3233886719,5.9646972656,-0.3590362549,0.270211792,0.3727935791,4
-5.6823730469,4.1319824219,5.9240234375,-0.3551483154,0.2582489014,0.3702514648,4
-5.9742675781,4.0937011719,5.9048828125,-0.3733917236,0.2558563232,0.3690551758,4
-6.0340820313,3.7970214844,5.9479492188,-0.377130127,0.2373138428,0.3717468262,4
-6.1082519531,3.8185546875,5.9096679688,-0.3817657471,0.238659668,0.369354248,4
-6.0484375,3.8783691406,6.067578125,-0.3780273438,0.2423980713,0.3792236328,4
-6.0580078125,3.7922363281,5.6823730469,-0.3786254883,0.2370147705,0.3551483154,4
-6.0316894531,3.8113769531,5.837890625,-0.3769805908,0.2382110596,0.3648681641,4
-6.105859375,3.7874511719,5.799609375,-0.3816162109,0.2367156982,0.3624755859,4
-6.1273925781,3.7252441406,5.7182617188,-0.3829620361,0.2328277588,0.3573913574,4
-6.3881835938,3.6151855469,5.6680175781,-0.3992614746,0.2259490967,0.3542510986,4
-6.2135253906,3.579296875,5.8283203125,-0.3883453369,0.2237060547,0.3642700195,4
-6.2518066406,3.6127929688,5.7852539063,-0.390737915,0.2257995605,0.3615783691,4
-6.2685546875,3.6343261719,5.7206542969,-0.391784668,0.2271453857,0.3575408936,4
-6.3857910156,3.6726074219,5.6393066406,-0.3991119385,0.2295379639,0.352456665,4
-6.3977539063,3.4237792969,5.5268554688,-0.3998596191,0.2139862061,0.3454284668,4
-6.3283691406,3.5003417969,5.6728027344,-0.3955230713,0.2187713623,0.3545501709,4
-6.3881835938,3.3902832031,5.6034179688,-0.3992614746,0.2118927002,0.350213623,4
-6.31640625,3.4812011719,5.6201660156,-0.3947753906,0.2175750732,0.351260376,4
-7.0963867188,3.3280761719,5.7158691406,-0.4435241699,0.2080047607,0.3572418213,4
-5.9599121094,3.6893554688,4.6774902344,-0.3724945068,0.2305847168,0.2923431396,4
-6.6824707031,4.8162597656,3.5864746094,-0.4176544189,0.3010162354,0.2241546631,4
-0.2153320313,3.4381347656,4.5865722656,-0.013458252,0.2148834229,0.2866607666,4
-2.3231933594,8.6467773438,5.3689453125,-0.145199585,0.540423584,0.335559082,4
-1.358984375,7.3380371094,4.55546875,-0.0849365234,0.4586273193,0.2847167969,4
-1.971484375,7.6777832031,7.0270019531,-0.1232177734,0.4798614502,0.4391876221,4
-3.2658691406,6.948046875,5.5842773438,-0.2041168213,0.4342529297,0.349017334,4
-4.3903808594,6.2087402344,5.7086914063,-0.2743988037,0.3880462646,0.3567932129,4
-5.4239746094,4.7827636719,5.7206542969,-0.3389984131,0.2989227295,0.3575408936,4
-4.8952148438,4.9717773438,6.067578125,-0.3059509277,0.310736084,0.3792236328,4
-5.4359375,4.3568847656,6.2924804688,-0.3397460938,0.2723052979,0.3932800293,4
-5.263671875,4.6392089844,6.2494140625,-0.3289794922,0.2899505615,0.3905883789,4
-5.0650878906,4.2276855469,6.1967773438,-0.3165679932,0.2642303467,0.387298584,4
-5.2421386719,4.1583007813,6.2685546875,-0.327633667,0.2598937988,0.391784668,4
-5.4837890625,3.9214355469,6.278125,-0.3427368164,0.2450897217,0.3923828125,4
-5.5029296875,3.5290527344,6.4360351563,-0.3439331055,0.2205657959,0.4022521973,4
-5.6129882813,3.3807128906,6.278125,-0.3508117676,0.2112945557,0.3923828125,4
-5.7517578125,3.1414550781,6.54609375,-0.3594848633,0.1963409424,0.4091308594,4
-5.7350097656,2.909375,6.4791015625,-0.3584381104,0.1818359375,0.4049438477,4
-5.5436035156,3.1294921875,6.4551757813,-0.3464752197,0.1955932617,0.4034484863,4
-5.6034179688,3.1294921875,6.5724121094,-0.350213623,0.1955932617,0.4107757568,4
-5.6321289063,3.0888183594,6.5125976563,-0.3520080566,0.1930511475,0.4070373535,4
-5.608203125,3.2850097656,6.680078125,-0.3505126953,0.2053131104,0.4175048828,4
-5.5340332031,3.2180175781,6.6274414063,-0.3458770752,0.2011260986,0.4142150879,4
-5.4957519531,3.3807128906,6.6824707031,-0.3434844971,0.2112945557,0.4176544189,4
-5.4526855469,3.5386230469,6.6824707031,-0.3407928467,0.2211639404,0.4176544189,4
-5.3091308594,3.6127929688,6.7159667969,-0.3318206787,0.2257995605,0.4197479248,4
-5.2612792969,3.6606445313,6.6585449219,-0.3288299561,0.2287902832,0.4161590576,4
-5.3378417969,3.6606445313,6.5915527344,-0.3336151123,0.2287902832,0.4119720459,4
-5.2493164063,3.71328125,6.6394042969,-0.3280822754,0.2320800781,0.4149627686,4
-5.3258789063,3.8568359375,6.6537597656,-0.3328674316,0.2410522461,0.4158599854,4
-5.2684570313,3.8018066406,6.6370117188,-0.3292785645,0.237612915,0.4148132324,4
-5.1464355469,3.8305175781,6.5628417969,-0.3216522217,0.2394073486,0.4101776123,4
-5.2014648438,3.9525390625,6.4719238281,-0.3250915527,0.2470336914,0.4044952393,4
-5.2684570313,3.9118652344,6.6752929688,-0.3292785645,0.2444915771,0.4172058105,4
-5.1129394531,3.8568359375,6.4934570313,-0.3195587158,0.2410522461,0.4058410645,4
-5.2875976563,3.71328125,6.6537597656,-0.3304748535,0.2320800781,0.4158599854,4
-5.2541015625,3.7156738281,6.6729003906,-0.3283813477,0.2322296143,0.4170562744,4
-5.4670410156,3.6965332031,6.54609375,-0.3416900635,0.2310333252,0.4091308594,4
-5.3330566406,3.6151855469,6.4934570313,-0.33331604,0.2259490967,0.4058410645,4
-5.6345214844,3.1366699219,6.7135742188,-0.3521575928,0.1960418701,0.4195983887,4
-5.7541503906,2.9524414063,6.6776855469,-0.3596343994,0.1845275879,0.4173553467,4
-5.8785644531,2.7969238281,6.4934570313,-0.3674102783,0.1748077393,0.4058410645,4
-6.029296875,2.6485839844,6.5413085938,-0.3768310547,0.165536499,0.4088317871,4
-6.0029785156,2.5720214844,6.46953125,-0.3751861572,0.1607513428,0.4043457031,4
-5.9120605469,2.4165039063,6.5389160156,-0.3695037842,0.1510314941,0.408682251,4
-5.5531738281,3.1893066406,6.6848632813,-0.3470733643,0.199331665,0.4178039551,4
-5.3450195313,3.6319335938,6.6513671875,-0.3340637207,0.2269958496,0.4157104492,4
-5.1727539063,3.7874511719,6.6537597656,-0.3232971191,0.2367156982,0.4158599854,4
-5.1631835938,3.9094726563,6.6585449219,-0.3226989746,0.244342041,0.4161590576,4
-5.2612792969,3.9597167969,6.5580566406,-0.3288299561,0.2474822998,0.40987854,4
-5.4957519531,3.426171875,6.6322265625,-0.3434844971,0.2141357422,0.4145141602,4
-5.6345214844,2.94765625,6.6298339844,-0.3521575928,0.1842285156,0.414364624,4
-6.0819335938,2.5696289063,6.6274414063,-0.3801208496,0.1606018066,0.4142150879,4
-6.6130859375,1.8590332031,6.4862792969,-0.4133178711,0.1161895752,0.4053924561,4
-6.4216796875,1.7250488281,6.4240722656,-0.4013549805,0.1078155518,0.4015045166,4
-6.3905761719,1.8087890625,6.4934570313,-0.3994110107,0.1130493164,0.4058410645,4
-6.3427246094,1.8997070313,6.5389160156,-0.3964202881,0.1187316895,0.408682251,4
-6.2924804688,1.9308105469,6.5317382813,-0.3932800293,0.1206756592,0.4082336426,4
-6.1991699219,1.9499511719,6.5365234375,-0.3874481201,0.1218719482,0.4085327148,4
-6.2709472656,2.1365722656,6.5030273438,-0.3919342041,0.1335357666,0.406439209,4
-6.2422363281,1.8877441406,6.5819824219,-0.3901397705,0.1179840088,0.4113739014,4
-6.278125,1.9068847656,6.584375,-0.3923828125,0.1191802979,0.4115234375,4
-6.2685546875,1.9738769531,6.5724121094,-0.391784668,0.1233673096,0.4107757568,4
-6.1704589844,1.856640625,6.6561523438,-0.3856536865,0.1160400391,0.4160095215,4
-6.16328125,2.1078613281,6.5030273438,-0.3852050781,0.131741333,0.406439209,4
-6.01015625,2.009765625,6.5580566406,-0.3756347656,0.1256103516,0.40987854,4
-6.182421875,2.02890625,6.3092285156,-0.3864013672,0.1268066406,0.3943267822,4
-6.1991699219,2.0408691406,6.5795898438,-0.3874481201,0.1275543213,0.4112243652,4
-6.0819335938,2.1222167969,6.6178710938,-0.3801208496,0.1326385498,0.4136169434,4
-6.0436523438,2.02890625,6.4719238281,-0.3777282715,0.1268066406,0.4044952393,4
-6.1584960938,2.0911132813,6.4360351563,-0.3849060059,0.1306945801,0.4022521973,4
-5.9814453125,2.1198242188,6.7279296875,-0.373840332,0.1324890137,0.4204956055,4
-6.1369628906,2.0719726563,6.603515625,-0.3835601807,0.129498291,0.4127197266,4
-6.1728515625,2.086328125,6.5700195313,-0.3858032227,0.1303955078,0.4106262207,4
-6.2494140625,2.1030761719,6.7016113281,-0.3905883789,0.1314422607,0.418850708,4
-6.2494140625,2.0935058594,6.4551757813,-0.3905883789,0.1308441162,0.4034484863,4
-6.1178222656,2.1317871094,6.6059082031,-0.3823638916,0.1332366943,0.4128692627,4
-6.2757324219,2.1700683594,6.7327148438,-0.3922332764,0.1356292725,0.4207946777,4
-6.0891113281,2.18203125,6.5556640625,-0.380569458,0.1363769531,0.4097290039,4
-6.2494140625,2.1987792969,6.54609375,-0.3905883789,0.1374237061,0.4091308594,4
-6.1010742188,2.0719726563,6.4791015625,-0.3813171387,0.129498291,0.4049438477,4
-5.9958007813,2.0815429688,6.6465820313,-0.3747375488,0.1300964355,0.415411377,4
-6.1656738281,1.9978027344,6.5891601563,-0.3853546143,0.1248626709,0.4118225098,4
-5.81875,2.7131835938,6.7446777344,-0.363671875,0.1695739746,0.4215423584,4
-5.70390625,2.6126953125,6.7159667969,-0.3564941406,0.163293457,0.4197479248,4
-5.1440429688,3.7587402344,6.8786621094,-0.3215026855,0.2349212646,0.4299163818,4
-4.7516601563,4.1989746094,6.6824707031,-0.2969787598,0.2624359131,0.4176544189,4
-4.5817871094,4.574609375,6.6681152344,-0.2863616943,0.2859130859,0.4167572021,4
-4.3544921875,4.5674316406,6.6130859375,-0.2721557617,0.2854644775,0.4133178711,4
-4.000390625,4.727734375,7.1753417969,-0.2500244141,0.2954833984,0.4484588623,4
-3.71328125,4.804296875,7.3165039063,-0.2320800781,0.3002685547,0.4572814941,4
-3.7970214844,4.5387207031,6.9049804688,-0.2373138428,0.2836700439,0.4315612793,4
-3.7228515625,4.6727050781,7.1920898438,-0.2326782227,0.2920440674,0.4495056152,4
-3.7491699219,4.7396972656,6.8475585938,-0.2343231201,0.2962310791,0.4279724121,4
-4.0721679688,4.8090820313,6.7111816406,-0.254510498,0.300567627,0.4194488525,4
-4.47890625,4.6631347656,6.7279296875,-0.2799316406,0.2914459229,0.4204956055,4
-4.4143066406,5.0028808594,6.6106933594,-0.275894165,0.3126800537,0.413168335,4
-4.2540039063,5.1249023438,6.4408203125,-0.2658752441,0.3203063965,0.4025512695,4
-4.3855957031,5.3282714844,6.3331542969,-0.2740997314,0.3330169678,0.3958221436,4
-4.2396484375,5.1320800781,6.5604492188,-0.2649780273,0.3207550049,0.4100280762,4
-3.9453613281,5.4718261719,6.2900878906,-0.246585083,0.3419891357,0.3931304932,4
-4.3927734375,5.0961914063,6.4216796875,-0.2745483398,0.3185119629,0.4013549805,4
-4.8880371094,4.5889648438,6.3833984375,-0.3055023193,0.2868103027,0.3989624023,4
-5.1607910156,4.1128417969,6.5484863281,-0.3225494385,0.2570526123,0.4092803955,4
-5.5148925781,3.4429199219,6.6537597656,-0.3446807861,0.2151824951,0.4158599854,4
-5.7350097656,2.7466796875,6.5604492188,-0.3584381104,0.1716674805,0.4100280762,4
-6.029296875,2.2035644531,6.5748046875,-0.3768310547,0.1377227783,0.410925293,4
-6.2900878906,1.8997070313,6.5437011719,-0.3931304932,0.1187316895,0.4089813232,4
-6.3522949219,1.9355957031,6.5221679688,-0.3970184326,0.1209747314,0.407635498,4
-6.0891113281,2.2274902344,6.526953125,-0.380569458,0.1392181396,0.4079345703,4
-5.7397949219,2.7418945313,6.5317382813,-0.3587371826,0.1713684082,0.4082336426,4
-5.5794921875,3.1438476563,6.6059082031,-0.3487182617,0.1964904785,0.4128692627,4
-5.3952636719,3.4596679688,6.7375,-0.3372039795,0.216229248,0.42109375,4
-5.3234863281,3.694140625,6.7422851563,-0.3327178955,0.2308837891,0.4213928223,4
-5.0363769531,4.0793457031,6.526953125,-0.3147735596,0.2549591064,0.4079345703,4
-4.8449707031,4.4621582031,6.4216796875,-0.3028106689,0.2788848877,0.4013549805,4
-4.9550292969,4.6966308594,6.5508789063,-0.3096893311,0.2935394287,0.4094299316,4
-4.957421875,4.4884765625,6.4862792969,-0.3098388672,0.2805297852,0.4053924561,4
-4.4645507813,5.4718261719,6.1106445313,-0.2790344238,0.3419891357,0.3819152832,4
-4.9071777344,4.7492675781,6.1465332031,-0.3066986084,0.2968292236,0.3841583252,4
-5.493359375,3.8975097656,6.6059082031,-0.3433349609,0.2435943604,0.4128692627,4
-4.2396484375,6.0197265625,6.3522949219,-0.2649780273,0.3762329102,0.3970184326,4
-4.2324707031,4.6392089844,6.8978027344,-0.2645294189,0.2899505615,0.4311126709,4
-4.344921875,6.3666503906,5.47421875,-0.2715576172,0.3979156494,0.3421386719,4
-3.0026855469,5.9814453125,8.5726074219,-0.1876678467,0.373840332,0.5357879639,4
-1.9738769531,4.8282226563,7.3547851563,-0.1233673096,0.301763916,0.4596740723,4
-1.7441894531,4.1941894531,8.249609375,-0.1090118408,0.2621368408,0.5156005859,4
-1.6245605469,4.842578125,6.7877441406,-0.1015350342,0.3026611328,0.4242340088,4
-2.3686523438,6.8571289063,6.5245605469,-0.1480407715,0.4285705566,0.4077850342,4
-1.9260253906,6.4479980469,7.3045410156,-0.1203765869,0.4029998779,0.4565338135,4
-2.4069335938,5.9192382813,6.31640625,-0.1504333496,0.3699523926,0.3947753906,4
-1.2895996094,5.7015136719,8.1634765625,-0.0805999756,0.3563446045,0.5102172852,4
-4.1439453125,7.1753417969,5.7278320313,-0.258996582,0.4484588623,0.357989502,4
-5.2373535156,5.2014648438,5.4431152344,-0.3273345947,0.3250915527,0.3401947021,4
-3.4931640625,6.7853515625,5.6369140625,-0.2183227539,0.4240844727,0.3523071289,4
-3.1821289063,6.450390625,5.2301757813,-0.1988830566,0.4031494141,0.3268859863,4
-0.2320800781,7.2471191406,7.4528808594,-0.0145050049,0.4529449463,0.4658050537,4
-3.6319335938,7.6586425781,1.4427246094,-0.2269958496,0.4786651611,0.0901702881,4
-4.5985351563,6.9767578125,5.0004882813,-0.2874084473,0.4360473633,0.3125305176,4
-4.7396972656,6.8451660156,4.7708007813,-0.2962310791,0.427822876,0.2981750488,4
-4.000390625,7.0389648438,4.1367675781,-0.2500244141,0.4399353027,0.2585479736,4
-4.612890625,6.2613769531,4.8569335938,-0.2883056641,0.3913360596,0.3035583496,4
-4.4501953125,7.1705566406,4.2109375,-0.278137207,0.44815979,0.2631835938,4
-4.9813476563,6.9767578125,4.4645507813,-0.3113342285,0.4360473633,0.2790344238,4
-5.3498046875,6.2039550781,4.0745605469,-0.334362793,0.3877471924,0.2546600342,4
-6.0029785156,5.9288085938,3.8951171875,-0.3751861572,0.3705505371,0.2434448242,4
-6.4264648438,5.5555664063,3.4524902344,-0.4016540527,0.3472229004,0.2157806396,4
-6.3786132813,5.7254394531,3.1270996094,-0.3986633301,0.3578399658,0.1954437256,4
-6.8140625,6.1513183594,2.5169921875,-0.4258789063,0.3844573975,0.1573120117,4
-6.6681152344,5.9431640625,2.8591308594,-0.4167572021,0.3714477539,0.1786956787,4
-6.6633300781,5.9264160156,2.64140625,-0.4164581299,0.370401001,0.1650878906,4
-6.4671386719,5.3234863281,3.3161132813,-0.404196167,0.3327178955,0.2072570801,4
-6.6250488281,5.5244628906,3.8209472656,-0.4140655518,0.3452789307,0.2388092041,4
-6.7686035156,5.5268554688,3.56015625,-0.4230377197,0.3454284668,0.2225097656,4
-6.3857910156,5.4885742188,3.9166503906,-0.3991119385,0.3430358887,0.2447906494,4
-5.8450683594,5.3163085938,4.09609375,-0.3653167725,0.3322692871,0.2560058594,4
-7.9792480469,3.7970214844,2.2514160156,-0.4987030029,0.2373138428,0.140713501,4
-6.7781738281,4.3209960938,3.1247070313,-0.4236358643,0.2700622559,0.1952941895,4
-6.833203125,4.5889648438,4.1032714844,-0.4270751953,0.2868103027,0.2564544678,4
-7.0748535156,4.4812988281,3.732421875,-0.4421783447,0.2800811768,0.2332763672,4
-7.1825195313,4.5913574219,3.5266601563,-0.4489074707,0.2869598389,0.2204162598,4
-7.2016601563,4.7899414063,3.2562988281,-0.4501037598,0.2993713379,0.2035186768,4
-7.6323242188,4.3975585938,3.3280761719,-0.4770202637,0.2748474121,0.2080047607,4
-7.6203613281,4.1798339844,2.9500488281,-0.476272583,0.261239624,0.1843780518,4
-7.5868652344,4.1319824219,2.7682128906,-0.4741790771,0.2582489014,0.1730133057,4
-7.8309082031,4.0602050781,2.7825683594,-0.4894317627,0.2537628174,0.1739105225,4
-8.0701660156,4.0267089844,2.7395019531,-0.504385376,0.2516693115,0.1712188721,4
-7.84765625,4.0123535156,2.4739257813,-0.4904785156,0.2507720947,0.1546203613,4
-8.2041503906,4.2516113281,2.4093261719,-0.5127593994,0.265725708,0.1505828857,4
-8.0342773438,4.0482421875,2.3973632813,-0.502142334,0.2530151367,0.1498352051,4
-7.9218261719,3.847265625,2.2418457031,-0.4951141357,0.2404541016,0.1401153564,4
-7.9959960938,4.0625976563,2.2657714844,-0.4997497559,0.2539123535,0.1416107178,4
-8.0510253906,3.9956054688,2.2992675781,-0.5031890869,0.2497253418,0.1437042236,4
-8.0223144531,4.0362792969,2.2250976563,-0.5013946533,0.2522674561,0.1390686035,4
-8.0988769531,4.0841308594,2.2609863281,-0.5061798096,0.2552581787,0.1413116455,4
-7.9481445313,4.0434570313,2.1198242188,-0.4967590332,0.2527160645,0.1324890137,4
-8.0701660156,4.0530273438,2.1509277344,-0.504385376,0.253314209,0.1344329834,4
-8.0438476563,4.0721679688,2.1222167969,-0.5027404785,0.254510498,0.1326385498,4
-8.0247070313,4.0314941406,2.1270019531,-0.5015441895,0.2519683838,0.1329376221,4
-8.0486328125,4.01953125,2.0265136719,-0.5030395508,0.2512207031,0.1266571045,4
-8.0462402344,4.0625976563,2.0001953125,-0.5028900146,0.2539123535,0.125012207,4
-8.0223144531,4.0147460938,2.0791503906,-0.5013946533,0.2509216309,0.1299468994,4
-8.0988769531,4.0554199219,2.1604980469,-0.5061798096,0.2534637451,0.1350311279,4
-7.9888183594,4.0578125,2.086328125,-0.4993011475,0.2536132813,0.1303955078,4
-8.0462402344,4.115234375,2.0719726563,-0.5028900146,0.2572021484,0.129498291,4
-8.0940917969,4.0745605469,2.0169433594,-0.5058807373,0.2546600342,0.12605896,4
-7.9864257813,4.076953125,2.1389648438,-0.4991516113,0.2548095703,0.1336853027,4
-7.9744628906,4.0817382813,2.1198242188,-0.4984039307,0.2551086426,0.1324890137,4
-8.0079589844,4.0745605469,2.0911132813,-0.5004974365,0.2546600342,0.1306945801,4
-8.0749511719,4.0578125,2.0911132813,-0.5046844482,0.2536132813,0.1306945801,4
-7.9888183594,4.0314941406,2.0958984375,-0.4993011475,0.2519683838,0.1309936523,4
-8.0653808594,4.0673828125,2.0504394531,-0.5040863037,0.2542114258,0.1281524658,4
-8.0821289063,4.0578125,2.048046875,-0.5051330566,0.2536132813,0.1280029297,4
-8.0940917969,4.0649902344,1.9571289063,-0.5058807373,0.2540618896,0.1223205566,4
-8.0701660156,4.0625976563,2.0671875,-0.504385376,0.2539123535,0.1291992188,4
-8.0797363281,4.038671875,1.9140625,-0.5049835205,0.2524169922,0.1196289063,4
-8.0342773438,4.0362792969,2.0671875,-0.502142334,0.2522674561,0.1291992188,4
-8.0390625,4.0889160156,1.8997070313,-0.5024414063,0.255557251,0.1187316895,4
-8.0510253906,4.0362792969,2.0767578125,-0.5031890869,0.2522674561,0.1297973633,4
-8.0510253906,4.1128417969,2.0025878906,-0.5031890869,0.2570526123,0.1251617432,4
-8.0988769531,4.1248046875,2.02890625,-0.5061798096,0.257800293,0.1268066406,4
-8.0175292969,4.1319824219,2.048046875,-0.5010955811,0.2582489014,0.1280029297,4
-7.9840332031,4.0817382813,1.9379882813,-0.4990020752,0.2551086426,0.1211242676,4
-8.0605957031,4.1415527344,1.8494628906,-0.5037872314,0.2588470459,0.1155914307,4
-8.0653808594,4.0721679688,1.9666992188,-0.5040863037,0.254510498,0.1229187012,4
-8.0558105469,4.09609375,1.87578125,-0.5034881592,0.2560058594,0.1172363281,4
-7.9983886719,4.09609375,2.1126464844,-0.499899292,0.2560058594,0.1320404053,4
-8.0893066406,4.1200195313,2.1030761719,-0.505581665,0.2575012207,0.1314422607,4
-8.0797363281,4.0984863281,1.8470703125,-0.5049835205,0.2561553955,0.1154418945,4
-8.0558105469,4.0984863281,2.0647949219,-0.5034881592,0.2561553955,0.1290496826,4
-8.1084472656,4.2731445313,2.10546875,-0.5067779541,0.2670715332,0.1315917969,4
-8.0869140625,4.0721679688,1.9284179688,-0.5054321289,0.254510498,0.120526123,4
-8.0845214844,4.0099609375,1.9188476563,-0.5052825928,0.2506225586,0.1199279785,4
-8.0725585938,4.1104492188,1.9930175781,-0.5045349121,0.2569030762,0.1245635986,4
-8.0988769531,4.0291015625,1.9499511719,-0.5061798096,0.2518188477,0.1218719482,4
-7.9768554688,4.2755371094,2.1006835938,-0.4985534668,0.2672210693,0.1312927246,4
-8.2663574219,4.0793457031,2.124609375,-0.5166473389,0.2549591064,0.1327880859,4
-8.0653808594,4.0506347656,1.9882324219,-0.5040863037,0.2531646729,0.1242645264,4
-8.0845214844,4.1056640625,1.87578125,-0.5052825928,0.2566040039,0.1172363281,4
-8.0653808594,4.0291015625,1.9188476563,-0.5040863037,0.2518188477,0.1199279785,4
-8.0055664063,4.0889160156,1.971484375,-0.5003479004,0.255557251,0.1232177734,4
-8.0821289063,4.0793457031,1.9571289063,-0.5051330566,0.2549591064,0.1223205566,4
-8.0605957031,4.0649902344,1.8686035156,-0.5037872314,0.2540618896,0.1167877197,4
-8.2567871094,4.0578125,2.1270019531,-0.5160491943,0.2536132813,0.1329376221,4
-8.0342773438,4.0673828125,1.971484375,-0.502142334,0.2542114258,0.1232177734,4
-8.0534179688,4.01953125,2.1126464844,-0.503338623,0.2512207031,0.1320404053,4
-8.1371582031,4.1080566406,1.8853515625,-0.5085723877,0.25675354,0.1178344727,4
-7.981640625,4.2755371094,1.9930175781,-0.4988525391,0.2672210693,0.1245635986,4
-8.1060546875,3.9860351563,1.9475585938,-0.506628418,0.2491271973,0.1217224121,4
-8.1012695313,3.9884277344,1.9738769531,-0.5063293457,0.2492767334,0.1233673096,4
-8.1132324219,4.1008789063,1.9403808594,-0.5070770264,0.2563049316,0.1212738037,4
-8.0079589844,4.1080566406,2.0815429688,-0.5004974365,0.25675354,0.1300964355,4
-8.0869140625,4.0051757813,1.8470703125,-0.5054321289,0.2503234863,0.1154418945,4
-8.0342773438,4.1391601563,1.9738769531,-0.502142334,0.2586975098,0.1233673096,4
-8.0988769531,4.2755371094,1.818359375,-0.5061798096,0.2672210693,0.1136474609,4
-8.0749511719,4.0075683594,1.8470703125,-0.5046844482,0.2504730225,0.1154418945,4
-8.0175292969,3.98125,1.8422851563,-0.5010955811,0.248828125,0.1151428223,4
-8.0318847656,4.1295898438,1.8614257813,-0.5019927979,0.2580993652,0.1163391113,4
-8.0414550781,4.268359375,1.8063964844,-0.5025909424,0.2667724609,0.1128997803,4
-8.0797363281,4.1702636719,2.1270019531,-0.5049835205,0.2606414795,0.1329376221,4
-8.019921875,3.9979980469,1.9140625,-0.5012451172,0.2498748779,0.1196289063,4
-8.0510253906,4.0984863281,1.8446777344,-0.5031890869,0.2561553955,0.1152923584,4
-8.096484375,4.1104492188,1.95234375,-0.5060302734,0.2569030762,0.1220214844,4
-7.9648925781,4.1008789063,1.8733886719,-0.4978057861,0.2563049316,0.117086792,4
-8.0558105469,4.1439453125,1.9116699219,-0.5034881592,0.258996582,0.1194793701,4
-8.2065429688,4.0841308594,1.9068847656,-0.5129089355,0.2552581787,0.1191802979,4
-7.9720703125,4.09609375,1.7130859375,-0.4982543945,0.2560058594,0.1070678711,4
-8.0749511719,4.0697753906,1.72265625,-0.5046844482,0.2543609619,0.1076660156,4
-8.0366699219,4.0697753906,1.8518554688,-0.5022918701,0.2543609619,0.1157409668,4
-8.0605957031,4.1319824219,1.9619140625,-0.5037872314,0.2582489014,0.1226196289,4
-8.0462402344,4.0984863281,1.9379882813,-0.5028900146,0.2561553955,0.1211242676,4
-8.0677734375,4.1463378906,1.818359375,-0.5042358398,0.2591461182,0.1136474609,4
-8.0558105469,4.115234375,1.8638183594,-0.5034881592,0.2572021484,0.1164886475,4
-8.1060546875,4.1894042969,1.971484375,-0.506628418,0.2618377686,0.1232177734,4
-8.1084472656,4.1224121094,1.6867675781,-0.5067779541,0.2576507568,0.1054229736,4
-8.0869140625,4.134375,1.8781738281,-0.5054321289,0.2583984375,0.1173858643,4
-8.1132324219,4.1559082031,1.7178710938,-0.5070770264,0.2597442627,0.1073669434,4
-7.9720703125,3.9860351563,1.7298339844,-0.4982543945,0.2491271973,0.108114624,4
-8.07734375,4.1295898438,1.8398925781,-0.5048339844,0.2580993652,0.1149932861,4
-8.1012695313,4.0984863281,1.7154785156,-0.5063293457,0.2561553955,0.1072174072,4
-8.23046875,4.0673828125,1.8135742188,-0.5144042969,0.2542114258,0.1133483887,4
-8.1204101563,4.2252929688,1.8327148438,-0.5075256348,0.2640808105,0.1145446777,4
-8.2520019531,3.98125,1.9020996094,-0.5157501221,0.248828125,0.1188812256,4
-8.2089355469,4.2731445313,1.5336425781,-0.5130584717,0.2670715332,0.0958526611,4
-8.096484375,4.17265625,1.8087890625,-0.5060302734,0.2607910156,0.1130493164,4
-8.1371582031,4.2803222656,1.703515625,-0.5085723877,0.2675201416,0.1064697266,4
-8.0893066406,4.1941894531,1.5551757813,-0.505581665,0.2621368408,0.0971984863,4
-8.1467285156,4.0984863281,1.7681152344,-0.5091705322,0.2561553955,0.1105072021,4
-8.1132324219,4.1798339844,1.6795898438,-0.5070770264,0.261239624,0.1049743652,4
-8.0869140625,4.09609375,1.7202636719,-0.5054321289,0.2560058594,0.1075164795,4
-8.0079589844,4.6918457031,1.6604492188,-0.5004974365,0.2932403564,0.1037780762,4
-8.1323730469,3.9836425781,1.6293457031,-0.5082733154,0.2489776611,0.1018341064,4
-8.1371582031,4.1965820313,1.5838867188,-0.5085723877,0.262286377,0.0989929199,4
-8.2567871094,4.1750488281,1.6867675781,-0.5160491943,0.2609405518,0.1054229736,4
-8.096484375,4.115234375,1.8327148438,-0.5060302734,0.2572021484,0.1145446777,4
-8.1610839844,4.1439453125,1.6341308594,-0.510067749,0.258996582,0.1021331787,4
-8.2543945313,3.9836425781,1.588671875,-0.5158996582,0.2489776611,0.0992919922,4
