-0.8852539062500001, 1.9379882812500002, 9.24970703125, 9.24970703125, 1.9379882812500002, 0, IdleDin
-0.8948242187500001, 1.8398925781250002, 9.290380859375, -0.055926513671875004, 0.11499328613281251, 0.5806488037109375, IdleDin
-0.940283203125, 1.8087890625, 9.247314453125, -0.0587677001953125, 0.11304931640625, 0.5779571533203125, IdleDin
-0.90439453125, 1.8997070312500002, 9.089404296875001, -0.056524658203125, 0.11873168945312501, 0.5680877685546876, IdleDin
-0.7751953125000001, 1.8279296875000002, 9.23056640625, -0.048449707031250004, 0.11424560546875001, 0.576910400390625, IdleDin
-1.0503417968750002, 1.9044921875, 9.077441406250001, -0.06564636230468751, 0.11903076171875, 0.5673400878906251, IdleDin
-1.03359375, 1.9571289062500001, 9.496142578125001, -0.064599609375, 0.12232055664062501, 0.5935089111328126, IdleDin
-0.61728515625, 1.8614257812500001, 9.72822265625, -0.038580322265625, 0.11633911132812501, 0.608013916015625, IdleDin
4.727734375000001, 1.95234375, 4.041064453125, 0.29548339843750004, 0.122021484375, 0.2525665283203125, IdleDin
-1.0024902343750002, 1.8997070312500002, 9.25927734375, -0.06265563964843751, 0.11873168945312501, 0.578704833984375, IdleDin
-0.9211425781250001, 1.8183593750000002, 9.309521484375, -0.05757141113281251, 0.11364746093750001, 0.5818450927734375, IdleDin
-1.0144531250000002, 2.0719726562500003, 8.979345703125, -0.06340332031250001, 0.12949829101562502, 0.5612091064453125, IdleDin
-1.44990234375, 2.3040527343750004, 8.728125, -0.090618896484375, 0.14400329589843752, 0.5455078125, IdleDin
-1.524072265625, 2.5935546875, 8.438623046875001, -0.0952545166015625, 0.16209716796875, 0.5274139404296876, IdleDin
-1.2728515625, 2.0887207031250004, 8.9865234375, -0.07955322265625, 0.13054504394531252, 0.56165771484375, IdleDin
-1.0814453125, 2.0958984375000003, 9.1587890625, -0.06759033203125, 0.13099365234375002, 0.57242431640625, IdleDin
-0.7895507812500001, 1.8853515625000001, 8.878857421875, -0.04934692382812501, 0.11783447265625001, 0.5549285888671875, IdleDin
-0.9953125, 1.9475585937500002, 9.197070312500001, -0.06220703125, 0.12172241210937501, 0.5748168945312501, IdleDin
-0.593359375, 1.6580566406250001, 8.701806640625001, -0.0370849609375, 0.10362854003906251, 0.5438629150390626, IdleDin
-0.9426757812500001, 1.95234375, 9.589453125, -0.058917236328125004, 0.122021484375, 0.5993408203125, IdleDin
-0.959423828125, 2.572021484375, 8.23046875, -0.0599639892578125, 0.1607513427734375, 0.514404296875, IdleDin
-0.9259277343750001, 2.0600097656250003, 9.118115234375, -0.057870483398437506, 0.12875061035156252, 0.5698822021484375, IdleDin
-1.6078125, 2.4069335937500003, 9.603808593750001, -0.10048828125, 0.15043334960937502, 0.6002380371093751, IdleDin
-0.31342773437500004, 2.8854492187500003, 7.790234375000001, -0.019589233398437503, 0.18034057617187502, 0.48688964843750004, IdleDin
-0.9426757812500001, 2.08154296875, 9.144433593750001, -0.058917236328125004, 0.130096435546875, 0.5715270996093751, IdleDin
-1.1460449218750002, 2.1724609375000004, 9.098974609375, -0.07162780761718751, 0.13577880859375002, 0.5686859130859375, IdleDin
-1.6819824218750001, 2.3351562500000003, 9.955517578125, -0.10512390136718751, 0.14594726562500002, 0.6222198486328125, IdleDin
-0.5072265625000001, 0.964208984375, 9.599023437500001, -0.031701660156250006, 0.0602630615234375, 0.5999389648437501, IdleDin
-1.327880859375, 0.8469726562500001, 9.388476562500001, -0.0829925537109375, 0.052935791015625004, 0.5867797851562501, IdleDin
-0.940283203125, 1.988232421875, 9.220996093750001, -0.0587677001953125, 0.1242645263671875, 0.5763122558593751, IdleDin
-1.016845703125, 1.8614257812500001, 9.130078125, -0.0635528564453125, 0.11633911132812501, 0.5706298828125, IdleDin
-1.2273925781250001, 2.002587890625, 9.130078125, -0.07671203613281251, 0.1251617431640625, 0.5706298828125, IdleDin
-0.5191894531250001, 1.9044921875, 9.287988281250001, -0.032449340820312506, 0.11903076171875, 0.5804992675781251, IdleDin
-1.045556640625, 2.97158203125, 8.467333984375001, -0.0653472900390625, 0.185723876953125, 0.5292083740234376, IdleDin
-0.437841796875, 2.4069335937500003, 7.940966796875, -0.0273651123046875, 0.15043334960937502, 0.4963104248046875, IdleDin
-1.26806640625, 2.1198242187500003, 9.199462890625, -0.079254150390625, 0.13248901367187502, 0.5749664306640625, IdleDin
-1.088623046875, 2.2107421875, 9.165966796875, -0.0680389404296875, 0.13817138671875, 0.5728729248046875, IdleDin
-0.976171875, 1.8422851562500002, 9.189892578125, -0.0610107421875, 0.11514282226562501, 0.5743682861328125, IdleDin
-0.976171875, 2.47392578125, 8.96259765625, -0.0610107421875, 0.154620361328125, 0.560162353515625, IdleDin
-1.2513183593750001, 2.9859375000000004, 8.941064453125001, -0.07820739746093751, 0.18662109375000002, 0.5588165283203126, IdleDin
-0.9689941406250001, 3.1055664062500004, 8.620458984375, -0.06056213378906251, 0.19409790039062502, 0.5387786865234375, IdleDin
-0.42109375000000004, 1.9978027343750002, 8.448193359375, -0.026318359375000003, 0.12486267089843751, 0.5280120849609375, IdleDin
-1.4331542968750002, 2.2035644531250003, 9.146826171875, -0.08957214355468751, 0.13772277832031252, 0.5716766357421875, IdleDin
-1.320703125, 2.1317871093750003, 9.070263671875, -0.0825439453125, 0.13323669433593752, 0.5668914794921875, IdleDin
-1.3613769531250002, 2.42607421875, 9.036767578125001, -0.08508605957031251, 0.151629638671875, 0.5647979736328126, IdleDin
-1.3494140625000002, 1.9738769531250002, 9.053515625000001, -0.08433837890625001, 0.12336730957031251, 0.5658447265625001, IdleDin
-1.0742675781250002, 2.0887207031250004, 9.30712890625, -0.06714172363281251, 0.13054504394531252, 0.581695556640625, IdleDin
0.011962890625, 1.87099609375, 8.539111328125001, 0.0007476806640625, 0.116937255859375, 0.5336944580078126, IdleDin
0.7560546875, 2.15810546875, 9.1779296875, 0.04725341796875, 0.134881591796875, 0.57362060546875, IdleDin
2.2920898437500004, 2.3160156250000004, 6.3929687500000005, 0.14325561523437502, 0.14475097656250002, 0.39956054687500003, IdleDin
-0.899609375, 2.122216796875, 9.194677734375, -0.0562255859375, 0.1326385498046875, 0.5746673583984375, IdleDin
-0.9905273437500001, 2.193994140625, 9.0630859375, -0.061907958984375004, 0.1371246337890625, 0.56644287109375, IdleDin
-0.80390625, 2.1676757812500003, 9.146826171875, -0.050244140625, 0.13547973632812502, 0.5716766357421875, IdleDin
-1.0000976562500001, 2.265771484375, 9.144433593750001, -0.06250610351562501, 0.1416107177734375, 0.5715270996093751, IdleDin
-0.8708984375000001, 2.2274902343750003, 9.055908203125, -0.054431152343750004, 0.13921813964843752, 0.5659942626953125, IdleDin
-1.0431640625, 2.2442382812500004, 9.165966796875, -0.06519775390625, 0.14026489257812502, 0.5728729248046875, IdleDin
-0.863720703125, 2.2035644531250003, 9.151611328125, -0.0539825439453125, 0.13772277832031252, 0.5719757080078125, IdleDin
-0.964208984375, 2.241845703125, 9.192285156250001, -0.0602630615234375, 0.1401153564453125, 0.5745178222656251, IdleDin
-0.9785644531250001, 3.1175292968750004, 8.730517578125001, -0.061160278320312504, 0.19484558105468752, 0.5456573486328126, IdleDin
-0.657958984375, 2.820849609375, 9.034375, -0.0411224365234375, 0.1763031005859375, 0.5646484375, IdleDin
-0.29189453125000003, 2.844775390625, 8.594140625000001, -0.018243408203125002, 0.1777984619140625, 0.5371337890625001, IdleDin
-0.5359375000000001, 2.94287109375, 8.84775390625, -0.033496093750000004, 0.183929443359375, 0.552984619140625, IdleDin
-0.562255859375, 2.8256347656250003, 9.084619140625001, -0.0351409912109375, 0.17660217285156252, 0.5677886962890626, IdleDin
-0.8469726562500001, 3.342431640625, 8.94345703125, -0.052935791015625004, 0.2089019775390625, 0.558966064453125, IdleDin
-0.9211425781250001, 3.3783203125, 8.909960937500001, -0.05757141113281251, 0.21114501953125, 0.5568725585937501, IdleDin
-0.9546386718750001, 3.6654296875, 8.575000000000001, -0.059664916992187504, 0.22908935546875, 0.5359375000000001, IdleDin
-0.9091796875000001, 3.3137207031250004, 8.747265625, -0.05682373046875001, 0.20710754394531253, 0.5467041015625, IdleDin
-0.844580078125, 3.1127441406250003, 8.833398437500001, -0.0527862548828125, 0.19454650878906252, 0.5520874023437501, IdleDin
-0.73212890625, 3.0457519531250004, 8.850146484375001, -0.045758056640625, 0.19035949707031252, 0.5531341552734376, IdleDin
-0.6747070312500001, 2.835205078125, 9.03916015625, -0.042169189453125006, 0.1772003173828125, 0.564947509765625, IdleDin
-0.605322265625, 2.7179687500000003, 8.998486328125, -0.0378326416015625, 0.16987304687500002, 0.5624053955078125, IdleDin
-0.610107421875, 3.6917480468750004, 8.570214843750001, -0.0381317138671875, 0.23073425292968752, 0.5356384277343751, IdleDin
-0.69384765625, 3.0098632812500004, 8.792724609375, -0.043365478515625, 0.18811645507812502, 0.5495452880859375, IdleDin
-0.404345703125, 2.533740234375, 9.266455078125, -0.0252716064453125, 0.1583587646484375, 0.5791534423828125, IdleDin
-0.672314453125, 2.6150878906250004, 9.18271484375, -0.0420196533203125, 0.16344299316406252, 0.573919677734375, IdleDin
-0.653173828125, 2.9572265625000003, 9.053515625000001, -0.0408233642578125, 0.18482666015625002, 0.5658447265625001, IdleDin
-0.66513671875, 3.043359375, 8.91474609375, -0.041571044921875, 0.1902099609375, 0.557171630859375, IdleDin
-0.6388183593750001, 3.1127441406250003, 8.735302734375, -0.039926147460937506, 0.19454650878906252, 0.5459564208984375, IdleDin
-0.772802734375, 3.4166015625000004, 8.742480468750001, -0.0483001708984375, 0.21353759765625002, 0.5464050292968751, IdleDin
-0.7105957031250001, 3.0146484375, 9.02001953125, -0.044412231445312506, 0.18841552734375, 0.563751220703125, IdleDin
-0.8732910156250001, 3.3639648437500003, 8.759228515625, -0.05458068847656251, 0.21024780273437502, 0.5474517822265625, IdleDin
-0.8254394531250001, 3.3783203125, 8.840576171875, -0.05158996582031251, 0.21114501953125, 0.5525360107421875, IdleDin
-0.5455078125, 2.715576171875, 8.902783203125, -0.03409423828125, 0.1697235107421875, 0.5564239501953125, IdleDin
-0.6196777343750001, 2.9021972656250004, 9.08701171875, -0.038729858398437504, 0.18138732910156252, 0.567938232421875, IdleDin
-0.5598632812500001, 2.3590820312500003, 8.984130859375, -0.034991455078125004, 0.14744262695312502, 0.5615081787109375, IdleDin
-0.6890625, 0.71298828125, 9.543994140625001, -0.04306640625, 0.044561767578125, 0.5964996337890626, IdleDin
-0.064599609375, 1.5767089843750002, 8.960205078125, -0.0040374755859375, 0.09854431152343751, 0.5600128173828125, IdleDin
-0.8972167968750001, 0.6268554687500001, 9.933984375000001, -0.05607604980468751, 0.039178466796875006, 0.6208740234375001, IdleDin
-0.9474609375, 1.8733886718750001, 9.170751953125, -0.05921630859375, 0.11708679199218751, 0.5731719970703125, IdleDin
-1.225, 2.70361328125, 9.031982421875, -0.0765625, 0.168975830078125, 0.5644989013671875, IdleDin
-2.237060546875, 2.8328125, 10.204345703125, -0.1398162841796875, 0.17705078125, 0.6377716064453125, IdleDin
-1.8159667968750002, 2.4404296875, 8.96259765625, -0.11349792480468751, 0.15252685546875, 0.560162353515625, IdleDin
-1.7705078125000002, 2.08154296875, 9.206640625, -0.11065673828125001, 0.130096435546875, 0.5754150390625, IdleDin
-1.748974609375, 1.9810546875000001, 9.386083984375, -0.1093109130859375, 0.12381591796875001, 0.5866302490234375, IdleDin
-1.040771484375, 0.54072265625, 9.30712890625, -0.0650482177734375, 0.033795166015625, 0.581695556640625, IdleDin
-1.02880859375, -0.294287109375, 9.371728515625001, -0.064300537109375, -0.0183929443359375, 0.5857330322265626, IdleDin
-0.844580078125, -1.892529296875, 9.70908203125, -0.0527862548828125, -0.1182830810546875, 0.606817626953125, IdleDin
0.6220703125, 0.0, 7.4696289062500005, 0.03887939453125, 0.0, 0.46685180664062503, IdleDin
-1.7920410156250002, 1.68916015625, 9.098974609375, -0.11200256347656251, 0.105572509765625, 0.5686859130859375, IdleDin
-1.6700195312500001, 1.7537597656250001, 9.108544921875001, -0.10437622070312501, 0.10960998535156251, 0.5692840576171876, IdleDin
-1.715478515625, 1.8135742187500001, 9.1109375, -0.1072174072265625, 0.11334838867187501, 0.56943359375, IdleDin
-1.8279296875000002, 2.0839355468750003, 8.976953125000001, -0.11424560546875001, 0.13024597167968752, 0.5610595703125001, IdleDin
-1.7106933593750002, 2.1246093750000004, 8.773583984375001, -0.10691833496093751, 0.13278808593750002, 0.5483489990234376, IdleDin
-0.461767578125, 1.4068359375000001, 8.170654296875, -0.0288604736328125, 0.08792724609375001, 0.5106658935546875, IdleDin
-1.4451171875000002, 0.275146484375, 9.77607421875, -0.09031982421875001, 0.0171966552734375, 0.611004638671875, IdleDin
-0.5479003906250001, -0.40673828125000006, 8.30224609375, -0.034243774414062504, -0.025421142578125003, 0.518890380859375, IdleDin
-0.31103515625, -1.040771484375, 7.586865234375001, -0.019439697265625, -0.0650482177734375, 0.47417907714843754, IdleDin
-1.8542480468750002, 1.8757812500000002, 8.8908203125, -0.11589050292968751, 0.11723632812500001, 0.55567626953125, IdleDin
-1.9355957031250002, 1.595849609375, 9.065478515625001, -0.12097473144531251, 0.0997406005859375, 0.5665924072265626, IdleDin
-1.9212402343750001, 1.8638183593750002, 8.955419921875, -0.12007751464843751, 0.11648864746093751, 0.5597137451171875, IdleDin
-1.978662109375, 1.92841796875, 9.060693359375001, -0.1236663818359375, 0.120526123046875, 0.5662933349609376, IdleDin
-2.0480468750000003, 2.75146484375, 8.323779296875001, -0.12800292968750002, 0.171966552734375, 0.5202362060546876, IdleDin
-2.04326171875, 2.8304199218750004, 8.845361328125001, -0.127703857421875, 0.17690124511718752, 0.5528350830078126, IdleDin
-1.50732421875, 2.1198242187500003, 8.641992187500001, -0.094207763671875, 0.13248901367187502, 0.5401245117187501, IdleDin
-1.5862792968750001, 2.6031250000000004, 8.527148437500001, -0.09914245605468751, 0.16269531250000002, 0.5329467773437501, IdleDin
0.232080078125, 0.46894531250000004, 9.48896484375, 0.0145050048828125, 0.029309082031250003, 0.593060302734375, IdleDin
-1.9930175781250001, 1.5384277343750001, 9.175537109375, -0.12456359863281251, 0.09615173339843751, 0.5734710693359375, IdleDin
-1.916455078125, 1.7681152343750002, 9.098974609375, -0.1197784423828125, 0.11050720214843751, 0.5686859130859375, IdleDin
-1.8422851562500002, 1.8016113281250001, 8.886035156250001, -0.11514282226562501, 0.11260070800781251, 0.5553771972656251, IdleDin
-2.0384765625, 1.9810546875000001, 9.053515625000001, -0.12740478515625, 0.12381591796875001, 0.5658447265625001, IdleDin
-2.12939453125, 1.9212402343750001, 8.91953125, -0.133087158203125, 0.12007751464843751, 0.557470703125, IdleDin
-2.08154296875, 2.01455078125, 9.130078125, -0.130096435546875, 0.125909423828125, 0.5706298828125, IdleDin
-1.2991699218750001, 1.91884765625, 8.070166015625, -0.08119812011718751, 0.119927978515625, 0.5043853759765625, IdleDin
-1.95234375, 2.5935546875, 8.596533203125, -0.122021484375, 0.16209716796875, 0.5372833251953125, IdleDin
-1.7920410156250002, 2.4404296875, 8.787939453125, -0.11200256347656251, 0.15252685546875, 0.5492462158203125, IdleDin
-1.605419921875, 2.595947265625, 8.376416015625, -0.1003387451171875, 0.1622467041015625, 0.5235260009765625, IdleDin
-1.8087890625, 2.11025390625, 9.220996093750001, -0.11304931640625, 0.131890869140625, 0.5763122558593751, IdleDin
-1.79921875, 1.868603515625, 9.103759765625, -0.112451171875, 0.1167877197265625, 0.5689849853515625, IdleDin
-1.7417968750000001, 1.892529296875, 9.027197265625, -0.10886230468750001, 0.1182830810546875, 0.5641998291015625, IdleDin
-1.7944335937500002, 1.9571289062500001, 9.070263671875, -0.11215209960937501, 0.12232055664062501, 0.5668914794921875, IdleDin
-2.009765625, 2.055224609375, 9.051123046875, -0.1256103515625, 0.1284515380859375, 0.5656951904296875, IdleDin
-1.9810546875000001, 2.162890625, 8.921923828125001, -0.12381591796875001, 0.1351806640625, 0.5576202392578126, IdleDin
-1.978662109375, 2.27294921875, 9.029589843750001, -0.1236663818359375, 0.142059326171875, 0.5643493652343751, IdleDin
-1.9690917968750001, 1.9954101562500002, 9.027197265625, -0.12306823730468751, 0.12471313476562501, 0.5641998291015625, IdleDin
-1.9499511718750002, 2.0671875, 9.031982421875, -0.12187194824218751, 0.12919921875, 0.5644989013671875, IdleDin
-1.894921875, 2.09111328125, 8.912353515625, -0.1184326171875, 0.130694580078125, 0.5570220947265625, IdleDin
-1.835107421875, 1.9930175781250001, 8.979345703125, -0.1146942138671875, 0.12456359863281251, 0.5612091064453125, IdleDin
-1.6987304687500002, 1.9427734375, 9.137255859375001, -0.10617065429687501, 0.12142333984375, 0.5710784912109376, IdleDin
-1.725048828125, 1.882958984375, 9.1779296875, -0.1078155517578125, 0.1176849365234375, 0.57362060546875, IdleDin
-1.56953125, 1.53603515625, 9.287988281250001, -0.098095703125, 0.096002197265625, 0.5804992675781251, IdleDin
-2.127001953125, 2.4667480468750003, 9.46982421875, -0.1329376220703125, 0.15417175292968752, 0.591864013671875, IdleDin
-1.25849609375, 2.409326171875, 8.634814453125001, -0.078656005859375, 0.1505828857421875, 0.5396759033203126, IdleDin
-0.32539062500000004, 3.2443359375000003, 4.63681640625, -0.020336914062500003, 0.20277099609375002, 0.289801025390625, IdleDin
-2.0576171875, 2.069580078125, 8.964990234375001, -0.12860107421875, 0.1293487548828125, 0.5603118896484376, IdleDin
-2.0600097656250003, 1.8757812500000002, 8.92431640625, -0.12875061035156252, 0.11723632812500001, 0.557769775390625, IdleDin
-1.9236328125000002, 1.8877441406250002, 9.003271484375, -0.12022705078125001, 0.11798400878906251, 0.5627044677734375, IdleDin
-2.0887207031250004, 2.1317871093750003, 9.146826171875, -0.13054504394531252, 0.13323669433593752, 0.5716766357421875, IdleDin
-2.1246093750000004, 2.5169921875, 9.771289062500001, -0.13278808593750002, 0.15731201171875, 0.6107055664062501, IdleDin
-1.378125, 1.3254882812500002, 8.984130859375, -0.0861328125, 0.08284301757812501, 0.5615081787109375, IdleDin
-1.5288574218750002, 1.9690917968750001, 8.6037109375, -0.09555358886718751, 0.12306823730468751, 0.53773193359375, IdleDin
-1.9738769531250002, 2.0193359375, 9.029589843750001, -0.12336730957031251, 0.12620849609375, 0.5643493652343751, IdleDin
-2.0408691406250004, 2.1078613281250003, 8.893212890625001, -0.12755432128906252, 0.13174133300781252, 0.5558258056640626, IdleDin
-1.9954101562500002, 2.050439453125, 8.874072265625001, -0.12471313476562501, 0.1281524658203125, 0.5546295166015626, IdleDin
-2.25859375, 2.277734375, 9.165966796875, -0.141162109375, 0.1423583984375, 0.5728729248046875, IdleDin
-1.9379882812500002, 2.0600097656250003, 8.7951171875, -0.12112426757812501, 0.12875061035156252, 0.54969482421875, IdleDin
-1.6700195312500001, 2.0121582031250003, 8.790332031250001, -0.10437622070312501, 0.12575988769531252, 0.5493957519531251, IdleDin
-0.2966796875, 0.2966796875, 6.402539062500001, -0.01854248046875, 0.01854248046875, 0.40015869140625004, IdleDin
-1.796826171875, 1.82314453125, 9.328662109375001, -0.1123016357421875, 0.113946533203125, 0.5830413818359376, IdleDin
-1.7944335937500002, 1.9379882812500002, 8.99130859375, -0.11215209960937501, 0.12112426757812501, 0.561956787109375, IdleDin
-1.7346191406250002, 2.0384765625, 8.886035156250001, -0.10841369628906251, 0.12740478515625, 0.5553771972656251, IdleDin
-1.882958984375, 2.079150390625, 9.130078125, -0.1176849365234375, 0.1299468994140625, 0.5706298828125, IdleDin
-1.96669921875, 2.509814453125, 8.61328125, -0.122918701171875, 0.1568634033203125, 0.538330078125, IdleDin
-1.547998046875, 2.308837890625, 8.017529296875, -0.0967498779296875, 0.1443023681640625, 0.5010955810546875, IdleDin
-1.9954101562500002, 2.0360839843750003, 8.9865234375, -0.12471313476562501, 0.12725524902343752, 0.56165771484375, IdleDin
-1.9714843750000002, 2.021728515625, 8.936279296875, -0.12321777343750001, 0.1263580322265625, 0.5585174560546875, IdleDin
-1.954736328125, 2.026513671875, 8.94345703125, -0.1221710205078125, 0.1266571044921875, 0.558966064453125, IdleDin
-1.8853515625000001, 1.964306640625, 9.024804687500001, -0.11783447265625001, 0.1227691650390625, 0.5640502929687501, IdleDin
-1.930810546875, 1.8375000000000001, 9.08701171875, -0.1206756591796875, 0.11484375000000001, 0.567938232421875, IdleDin
-1.82314453125, 1.9451660156250001, 9.015234375, -0.113946533203125, 0.12157287597656251, 0.5634521484375, IdleDin
-1.715478515625, 1.7585449218750002, 9.041552734375001, -0.1072174072265625, 0.10990905761718751, 0.5650970458984376, IdleDin
-1.8638183593750002, 2.20595703125, 8.950634765625, -0.11648864746093751, 0.137872314453125, 0.5594146728515625, IdleDin
1.0431640625, 1.77529296875, 3.2299804687500004, 0.06519775390625, 0.110955810546875, 0.20187377929687503, IdleDin
-2.0121582031250003, 2.1365722656250004, 9.072656250000001, -0.12575988769531252, 0.13353576660156252, 0.5670410156250001, IdleDin
-2.0384765625, 2.045654296875, 8.97216796875, -0.12740478515625, 0.1278533935546875, 0.560760498046875, IdleDin
-1.930810546875, 1.988232421875, 8.926708984375, -0.1206756591796875, 0.1242645263671875, 0.5579193115234375, IdleDin
-1.8518554687500002, 1.9236328125000002, 9.072656250000001, -0.11574096679687501, 0.12022705078125001, 0.5670410156250001, IdleDin
-1.8422851562500002, 1.8781738281250002, 9.024804687500001, -0.11514282226562501, 0.11738586425781251, 0.5640502929687501, IdleDin
-1.8470703125, 1.9475585937500002, 9.094189453125, -0.11544189453125, 0.12172241210937501, 0.5683868408203125, IdleDin
-1.691552734375, 1.916455078125, 9.1587890625, -0.1057220458984375, 0.1197784423828125, 0.57242431640625, IdleDin
-1.9260253906250002, 2.1341796875, 9.10615234375, -0.12037658691406251, 0.13338623046875, 0.569134521484375, IdleDin
-2.093505859375, 2.4404296875, 8.883642578125, -0.1308441162109375, 0.15252685546875, 0.5552276611328125, IdleDin
-1.02880859375, 2.52177734375, 7.54619140625, -0.064300537109375, 0.157611083984375, 0.471636962890625, IdleDin
-2.241845703125, 2.01455078125, 9.603808593750001, -0.1401153564453125, 0.125909423828125, 0.6002380371093751, IdleDin
-1.9810546875000001, 2.0767578125000004, 9.180322265625001, -0.12381591796875001, 0.12979736328125002, 0.5737701416015626, IdleDin
-2.009765625, 2.0600097656250003, 9.165966796875, -0.1256103515625, 0.12875061035156252, 0.5728729248046875, IdleDin
-2.2873046875000003, 1.0814453125, 9.0439453125, -0.14295654296875002, 0.06759033203125, 0.56524658203125, IdleDin
-1.02880859375, 0.06220703125, 8.65634765625, -0.064300537109375, 0.003887939453125, 0.541021728515625, IdleDin
-1.9212402343750001, 1.8375000000000001, 9.0630859375, -0.12007751464843751, 0.11484375000000001, 0.56644287109375, IdleDin
-1.9236328125000002, 1.882958984375, 9.149218750000001, -0.12022705078125001, 0.1176849365234375, 0.5718261718750001, IdleDin
-2.0671875, 2.3830078125000003, 8.43623046875, -0.12919921875, 0.14893798828125002, 0.527264404296875, IdleDin
-2.1198242187500003, 3.0290039062500003, 8.137158203125, -0.13248901367187502, 0.18931274414062502, 0.5085723876953125, IdleDin
-2.0384765625, 2.189208984375, 8.886035156250001, -0.12740478515625, 0.1368255615234375, 0.5553771972656251, IdleDin
-2.12939453125, 2.13896484375, 10.436425781250001, -0.133087158203125, 0.133685302734375, 0.6522766113281251, IdleDin
-2.5169921875, 1.8614257812500001, 9.000878906250001, -0.15731201171875, 0.11633911132812501, 0.5625549316406251, IdleDin
-2.074365234375, 0.47133789062500003, 9.292773437500001, -0.1296478271484375, 0.029458618164062502, 0.5807983398437501, IdleDin
-0.669921875, 0.7943359375000001, 6.565234375, -0.0418701171875, 0.049645996093750006, 0.4103271484375, IdleDin
-2.0169433593750004, 1.906884765625, 9.118115234375, -0.12605895996093752, 0.1191802978515625, 0.5698822021484375, IdleDin
-1.96669921875, 2.0360839843750003, 9.048730468750001, -0.122918701171875, 0.12725524902343752, 0.5655456542968751, IdleDin
-2.2920898437500004, 2.342333984375, 9.567919921875001, -0.14325561523437502, 0.1463958740234375, 0.5979949951171876, IdleDin
-1.9714843750000002, 2.8615234375000003, 8.5080078125, -0.12321777343750001, 0.17884521484375002, 0.53175048828125, IdleDin
-1.5886718750000002, 3.4453125000000004, 8.165869140625, -0.09929199218750001, 0.21533203125000003, 0.5103668212890625, IdleDin
0.0095703125, 3.007470703125, 4.3233886718750005, 0.00059814453125, 0.1879669189453125, 0.27021179199218753, IdleDin
-2.045654296875, 2.1963867187500004, 8.792724609375, -0.1278533935546875, 0.13727416992187502, 0.5495452880859375, IdleDin
-1.9930175781250001, 2.23466796875, 8.97216796875, -0.12456359863281251, 0.139666748046875, 0.560760498046875, IdleDin
-2.25859375, 2.4021484375, 9.37890625, -0.141162109375, 0.15013427734375, 0.586181640625, IdleDin
-1.12451171875, 1.1388671875, 8.979345703125, -0.070281982421875, 0.07117919921875, 0.5612091064453125, IdleDin
-0.8182617187500001, 1.0144531250000002, 8.311816406250001, -0.051141357421875006, 0.06340332031250001, 0.5194885253906251, IdleDin
-1.739404296875, 2.08154296875, 8.878857421875, -0.1087127685546875, 0.130096435546875, 0.5549285888671875, IdleDin
-1.9236328125000002, 2.0169433593750004, 8.960205078125, -0.12022705078125001, 0.12605895996093752, 0.5600128173828125, IdleDin
-1.930810546875, 2.2298828125, 8.9673828125, -0.1206756591796875, 0.13936767578125, 0.56046142578125, IdleDin
-2.074365234375, 2.68447265625, 8.555859375, -0.1296478271484375, 0.167779541015625, 0.5347412109375, IdleDin
-1.8040039062500002, 3.4931640625000004, 7.943359375000001, -0.11275024414062501, 0.21832275390625003, 0.49645996093750006, IdleDin
-2.725146484375, 2.643798828125, 10.661328125, -0.1703216552734375, 0.1652374267578125, 0.6663330078125, IdleDin
-2.0480468750000003, 2.289697265625, 8.869287109375001, -0.12800292968750002, 0.1431060791015625, 0.5543304443359376, IdleDin
-1.8422851562500002, 2.213134765625, 9.165966796875, -0.11514282226562501, 0.1383209228515625, 0.5728729248046875, IdleDin
-1.83271484375, 1.471435546875, 8.902783203125, -0.114544677734375, 0.0919647216796875, 0.5564239501953125, IdleDin
-0.863720703125, 1.1819335937500002, 8.027099609375, -0.0539825439453125, 0.07387084960937501, 0.5016937255859375, IdleDin
-1.246533203125, 1.0718750000000001, 8.969775390625001, -0.0779083251953125, 0.06699218750000001, 0.5606109619140626, IdleDin
-1.8781738281250002, 2.0408691406250004, 8.881250000000001, -0.11738586425781251, 0.12755432128906252, 0.5550781250000001, IdleDin
-2.23466796875, 2.3638671875000004, 9.37890625, -0.139666748046875, 0.14774169921875002, 0.586181640625, IdleDin
-1.7776855468750001, 2.763427734375, 8.78076171875, -0.11110534667968751, 0.1727142333984375, 0.548797607421875, IdleDin
-1.557568359375, 3.1605957031250003, 8.072558593750001, -0.0973480224609375, 0.19753723144531252, 0.5045349121093751, IdleDin
-2.1246093750000004, 2.545703125, 8.91474609375, -0.13278808593750002, 0.1591064453125, 0.557171630859375, IdleDin
-2.1150390625, 2.170068359375, 8.854931640625, -0.13218994140625, 0.1356292724609375, 0.5534332275390625, IdleDin
-2.3734375, 2.469140625, 9.455468750000001, -0.14833984375, 0.1543212890625, 0.5909667968750001, IdleDin
-1.715478515625, 1.748974609375, 8.816650390625, -0.1072174072265625, 0.1093109130859375, 0.5510406494140625, IdleDin
-1.978662109375, 1.39248046875, 9.53681640625, -0.1236663818359375, 0.087030029296875, 0.596051025390625, IdleDin
-1.7609375, 1.9451660156250001, 8.909960937500001, -0.11005859375, 0.12157287597656251, 0.5568725585937501, IdleDin
-1.7896484375000001, 2.0528320312500004, 9.005664062500001, -0.11185302734375001, 0.12830200195312502, 0.5628540039062501, IdleDin
-2.098291015625, 2.545703125, 9.108544921875001, -0.1311431884765625, 0.1591064453125, 0.5692840576171876, IdleDin
-1.96669921875, 3.2562988281250003, 8.783154296875, -0.122918701171875, 0.20351867675781252, 0.5489471435546875, IdleDin
-1.3111328125000001, 3.4094238281250004, 7.735205078125, -0.08194580078125001, 0.21308898925781253, 0.4834503173828125, IdleDin
-2.4356445312500004, 2.6892578125, 8.754443359375001, -0.15222778320312502, 0.16807861328125, 0.5471527099609376, IdleDin
-2.09111328125, 2.4978515625, 8.969775390625001, -0.130694580078125, 0.15611572265625, 0.5606109619140626, IdleDin
-1.9738769531250002, 2.2992675781250003, 8.742480468750001, -0.12336730957031251, 0.14370422363281252, 0.5464050292968751, IdleDin
-2.18681640625, 2.5624511718750003, 8.957812500000001, -0.136676025390625, 0.16015319824218752, 0.5598632812500001, IdleDin
-1.5216796875, 1.0623046875000002, 9.094189453125, -0.09510498046875, 0.06639404296875001, 0.5683868408203125, IdleDin
0.17705078125, -3.8640136718750004, 6.459960937500001, 0.011065673828125, -0.24150085449218753, 0.40374755859375006, IdleDin
-2.069580078125, 2.03369140625, 8.998486328125, -0.1293487548828125, 0.127105712890625, 0.5624053955078125, IdleDin
-2.098291015625, 2.270556640625, 9.168359375000001, -0.1311431884765625, 0.1419097900390625, 0.5730224609375001, IdleDin
-2.3399414062500004, 2.8184570312500004, 9.2544921875, -0.14624633789062502, 0.17615356445312502, 0.57840576171875, IdleDin
-1.856640625, 3.6151855468750003, 8.419482421875001, -0.1160400390625, 0.22594909667968752, 0.5262176513671876, IdleDin
-1.20107421875, 3.418994140625, 7.017431640625, -0.075067138671875, 0.2136871337890625, 0.4385894775390625, IdleDin
-2.0719726562500003, 2.469140625, 9.130078125, -0.12949829101562502, 0.1543212890625, 0.5706298828125, IdleDin
-1.906884765625, 2.3351562500000003, 8.82861328125, -0.1191802978515625, 0.14594726562500002, 0.551788330078125, IdleDin
-1.7896484375000001, 2.6390136718750004, 9.142041015625, -0.11185302734375001, 0.16493835449218752, 0.5713775634765625, IdleDin
-1.471435546875, 1.0144531250000002, 8.874072265625001, -0.0919647216796875, 0.06340332031250001, 0.5546295166015626, IdleDin
-0.768017578125, 1.0718750000000001, 6.940869140625001, -0.0480010986328125, 0.06699218750000001, 0.43380432128906254, IdleDin
-1.9020996093750002, 2.2274902343750003, 8.8908203125, -0.11888122558593751, 0.13921813964843752, 0.55567626953125, IdleDin
-2.074365234375, 2.33037109375, 8.787939453125, -0.1296478271484375, 0.145648193359375, 0.5492462158203125, IdleDin
-2.1724609375000004, 2.8041015625, 9.218603515625, -0.13577880859375002, 0.17525634765625, 0.5761627197265625, IdleDin
-1.8518554687500002, 3.438134765625, 8.390771484375001, -0.11574096679687501, 0.2148834228515625, 0.5244232177734376, IdleDin
-1.174755859375, 3.7754882812500004, 7.189697265625001, -0.0734222412109375, 0.23596801757812502, 0.44935607910156256, IdleDin
-2.1006835937500004, 2.92373046875, 8.433837890625, -0.13129272460937502, 0.182733154296875, 0.5271148681640625, IdleDin
-2.079150390625, 2.457177734375, 8.826220703125001, -0.1299468994140625, 0.1535736083984375, 0.5516387939453126, IdleDin
-2.11025390625, 2.56005859375, 8.8525390625, -0.131890869140625, 0.160003662109375, 0.55328369140625, IdleDin
-2.007373046875, 2.4476074218750004, 8.785546875000001, -0.1254608154296875, 0.15297546386718752, 0.5490966796875001, IdleDin
-1.375732421875, 2.12939453125, 9.25927734375, -0.0859832763671875, 0.133087158203125, 0.578704833984375, IdleDin
0.47133789062500003, 1.894921875, 4.050634765625, 0.029458618164062502, 0.1184326171875, 0.2531646728515625, IdleDin
-1.7537597656250001, 2.1604980468750004, 8.854931640625, -0.10960998535156251, 0.13503112792968752, 0.5534332275390625, IdleDin
-1.9499511718750002, 2.1676757812500003, 9.012841796875001, -0.12187194824218751, 0.13547973632812502, 0.5633026123046876, IdleDin
-2.0241210937500003, 2.7107910156250004, 8.823828125, -0.12650756835937502, 0.16942443847656252, 0.5514892578125, IdleDin
-1.7322265625000002, 3.4237792968750003, 8.275927734375001, -0.10826416015625001, 0.21398620605468752, 0.5172454833984376, IdleDin
-1.437939453125, 3.71328125, 7.5796875, -0.0898712158203125, 0.232080078125, 0.47373046875, IdleDin
-1.96669921875, 2.772998046875, 8.448193359375, -0.122918701171875, 0.1733123779296875, 0.5280120849609375, IdleDin
-1.8973144531250001, 2.605517578125, 8.792724609375, -0.11858215332031251, 0.1628448486328125, 0.5495452880859375, IdleDin
-1.9451660156250001, 2.533740234375, 9.005664062500001, -0.12157287597656251, 0.1583587646484375, 0.5628540039062501, IdleDin
-1.9810546875000001, 2.56484375, 8.94345703125, -0.12381591796875001, 0.160302734375, 0.558966064453125, IdleDin
-1.22021484375, 1.8016113281250001, 7.974462890625, -0.076263427734375, 0.11260070800781251, 0.4984039306640625, IdleDin
-1.73701171875, 2.217919921875, 9.268847656250001, -0.108563232421875, 0.1386199951171875, 0.5793029785156251, IdleDin
-1.63173828125, 2.2490234375, 8.979345703125, -0.101983642578125, 0.14056396484375, 0.5612091064453125, IdleDin
-1.87099609375, 2.5983398437500003, 9.508105468750001, -0.116937255859375, 0.16239624023437502, 0.5942565917968751, IdleDin
-1.59345703125, 2.9452636718750003, 8.486474609375001, -0.099591064453125, 0.18407897949218752, 0.5304046630859376, IdleDin
-1.7776855468750001, 3.4524902343750004, 8.505615234375, -0.11110534667968751, 0.21578063964843752, 0.5316009521484375, IdleDin
-1.6365234375000002, 3.9501464843750003, 8.498437500000001, -0.10228271484375001, 0.24688415527343752, 0.5311523437500001, IdleDin
-6.378613281250001, 4.280322265625, 13.850634765625001, -0.39866333007812504, 0.2675201416015625, 0.8656646728515626, IdleDin
-1.9571289062500001, 2.92373046875, 8.615673828125, -0.12232055664062501, 0.182733154296875, 0.5384796142578125, IdleDin
-1.8279296875000002, 2.552880859375, 8.823828125, -0.11424560546875001, 0.1595550537109375, 0.5514892578125, IdleDin
-1.92841796875, 2.8375976562500003, 8.850146484375001, -0.120526123046875, 0.17734985351562502, 0.5531341552734376, IdleDin
-0.41870117187500006, 1.423583984375, 7.536621093750001, -0.026168823242187503, 0.0889739990234375, 0.47103881835937506, IdleDin
-1.6724121093750002, 2.366259765625, 9.0630859375, -0.10452575683593751, 0.1478912353515625, 0.56644287109375, IdleDin
-1.7776855468750001, 2.5313476562500004, 8.933886718750001, -0.11110534667968751, 0.15820922851562502, 0.5583679199218751, IdleDin
-1.8973144531250001, 3.0625, 8.787939453125, -0.11858215332031251, 0.19140625, 0.5492462158203125, IdleDin
-1.079052734375, 2.9691894531250003, 8.4697265625, -0.0674407958984375, 0.18557434082031252, 0.52935791015625, IdleDin
-3.442919921875, 3.6438964843750004, 11.09677734375, -0.2151824951171875, 0.22774353027343752, 0.693548583984375, IdleDin
-2.0001953125000003, 2.76103515625, 8.759228515625, -0.12501220703125002, 0.172564697265625, 0.5474517822265625, IdleDin
-2.30166015625, 2.959619140625, 9.364550781250001, -0.143853759765625, 0.1849761962890625, 0.5852844238281251, IdleDin
-1.246533203125, 2.595947265625, 8.933886718750001, -0.0779083251953125, 0.1622467041015625, 0.5583679199218751, IdleDin
1.6580566406250001, 0.5646484375, 2.4834960937500004, 0.10362854003906251, 0.03529052734375, 0.15521850585937502, IdleDin
-1.667626953125, 2.4428222656250003, 9.015234375, -0.1042266845703125, 0.15267639160156252, 0.5634521484375, IdleDin
-1.68916015625, 2.5744140625000003, 9.046337890625, -0.105572509765625, 0.16090087890625002, 0.5653961181640625, IdleDin
-1.7824707031250002, 3.0218261718750004, 8.740087890625, -0.11140441894531251, 0.18886413574218752, 0.5462554931640625, IdleDin
-1.40205078125, 3.562548828125, 8.3740234375, -0.087628173828125, 0.2226593017578125, 0.52337646484375, IdleDin
-1.44990234375, 4.404736328125001, 7.462451171875, -0.090618896484375, 0.27529602050781254, 0.4664031982421875, IdleDin
-2.2298828125, 3.1821289062500004, 8.957812500000001, -0.13936767578125, 0.19888305664062503, 0.5598632812500001, IdleDin
-1.643701171875, 3.3520019531250003, 8.539111328125001, -0.1027313232421875, 0.20950012207031252, 0.5336944580078126, IdleDin
-1.20107421875, 2.9380859375000004, 8.08212890625, -0.075067138671875, 0.18363037109375002, 0.505133056640625, IdleDin
-6.462353515625001, 5.6512695312500005, 4.0602050781250005, -0.40389709472656254, 0.35320434570312503, 0.25376281738281253, IdleDin
-1.7417968750000001, 2.3877929687500004, 8.91474609375, -0.10886230468750001, 0.14923706054687502, 0.557171630859375, IdleDin
-1.8973144531250001, 2.4954589843750004, 9.146826171875, -0.11858215332031251, 0.15596618652343752, 0.5716766357421875, IdleDin
-2.04326171875, 3.055322265625, 9.232958984375001, -0.127703857421875, 0.1909576416015625, 0.5770599365234376, IdleDin
-1.189111328125, 3.347216796875, 8.12998046875, -0.0743194580078125, 0.2092010498046875, 0.508123779296875, IdleDin
-3.234765625, 1.236962890625, 12.757226562500001, -0.2021728515625, 0.0773101806640625, 0.7973266601562501, IdleDin
-1.8901367187500002, 2.8495605468750003, 8.850146484375001, -0.11813354492187501, 0.17809753417968752, 0.5531341552734376, IdleDin
-1.930810546875, 2.56484375, 8.926708984375, -0.1206756591796875, 0.160302734375, 0.5579193115234375, IdleDin
-1.9260253906250002, 2.5744140625000003, 8.953027343750001, -0.12037658691406251, 0.16090087890625002, 0.5595642089843751, IdleDin
-1.3948730468750001, 2.37822265625, 8.921923828125001, -0.08717956542968751, 0.148638916015625, 0.5576202392578126, IdleDin
-0.964208984375, 0.31103515625, 8.854931640625, -0.0602630615234375, 0.019439697265625, 0.5534332275390625, IdleDin
-0.04306640625, -0.15791015625000002, 6.342724609375001, -0.002691650390625, -0.009869384765625001, 0.39642028808593754, IdleDin
-2.313623046875, 3.1247070312500003, 9.76171875, -0.1446014404296875, 0.19529418945312502, 0.610107421875, IdleDin
-2.069580078125, 2.18203125, 8.917138671875001, -0.1293487548828125, 0.136376953125, 0.5573211669921876, IdleDin
-2.0600097656250003, 2.25380859375, 8.984130859375, -0.12875061035156252, 0.140863037109375, 0.5615081787109375, IdleDin
-1.9571289062500001, 2.318408203125, 8.81904296875, -0.12232055664062501, 0.1449005126953125, 0.551190185546875, IdleDin
-1.87099609375, 2.4021484375, 8.78076171875, -0.116937255859375, 0.15013427734375, 0.548797607421875, IdleDin
-2.0049804687500004, 2.3734375, 8.979345703125, -0.12531127929687502, 0.14833984375, 0.5612091064453125, IdleDin
-2.050439453125, 2.294482421875, 8.950634765625, -0.1281524658203125, 0.1434051513671875, 0.5594146728515625, IdleDin
-1.9499511718750002, 2.170068359375, 9.144433593750001, -0.12187194824218751, 0.1356292724609375, 0.5715270996093751, IdleDin
-2.021728515625, 1.0240234375000001, 8.84296875, -0.1263580322265625, 0.06400146484375001, 0.552685546875, IdleDin
-1.476220703125, 1.088623046875, 8.766406250000001, -0.0922637939453125, 0.0680389404296875, 0.5479003906250001, IdleDin
-0.911572265625, 0.7871582031250001, 7.98642578125, -0.0569732666015625, 0.049197387695312504, 0.499151611328125, IdleDin
-1.916455078125, 2.11025390625, 9.189892578125, -0.1197784423828125, 0.131890869140625, 0.5743682861328125, IdleDin
-2.0193359375, 2.217919921875, 8.957812500000001, -0.12620849609375, 0.1386199951171875, 0.5598632812500001, IdleDin
-2.0408691406250004, 2.3471191406250003, 8.950634765625, -0.12755432128906252, 0.14669494628906252, 0.5594146728515625, IdleDin
-1.9810546875000001, 2.476318359375, 8.917138671875001, -0.12381591796875001, 0.1547698974609375, 0.5573211669921876, IdleDin
-1.9116699218750002, 2.361474609375, 8.740087890625, -0.11947937011718751, 0.1475921630859375, 0.5462554931640625, IdleDin
-1.8422851562500002, 2.2633789062500003, 8.912353515625, -0.11514282226562501, 0.14146118164062502, 0.5570220947265625, IdleDin
-1.868603515625, 2.2753417968750003, 8.957812500000001, -0.1167877197265625, 0.14220886230468752, 0.5598632812500001, IdleDin
-1.8135742187500001, 2.213134765625, 8.921923828125001, -0.11334838867187501, 0.1383209228515625, 0.5576202392578126, IdleDin
-1.7561523437500002, 2.031298828125, 9.103759765625, -0.10975952148437501, 0.1269561767578125, 0.5689849853515625, IdleDin
-1.1699707031250002, 0.9426757812500001, 8.2974609375, -0.07312316894531251, 0.058917236328125004, 0.51859130859375, IdleDin
-1.56953125, 2.390185546875, 9.240136718750001, -0.098095703125, 0.1493865966796875, 0.5775085449218751, IdleDin
-1.06708984375, 2.7083984375, 8.864501953125, -0.066693115234375, 0.16927490234375, 0.5540313720703125, IdleDin
-0.413916015625, 2.859130859375, 6.247021484375001, -0.0258697509765625, 0.1786956787109375, 0.39043884277343754, IdleDin
-3.514697265625, 2.820849609375, 13.93916015625, -0.2196685791015625, 0.1763031005859375, 0.871197509765625, IdleDin
-1.6987304687500002, 2.409326171875, 8.878857421875, -0.10617065429687501, 0.1505828857421875, 0.5549285888671875, IdleDin
-1.844677734375, 2.201171875, 9.146826171875, -0.1152923583984375, 0.1375732421875, 0.5716766357421875, IdleDin
-2.1963867187500004, 1.44990234375, 9.02001953125, -0.13727416992187502, 0.090618896484375, 0.563751220703125, IdleDin
-1.9834472656250002, 0.708203125, 9.467431640625001, -0.12396545410156251, 0.0442626953125, 0.5917144775390626, IdleDin
-1.4905761718750001, -0.172265625, 8.902783203125, -0.09316101074218751, -0.0107666015625, 0.5564239501953125, IdleDin
-2.1006835937500004, 2.045654296875, 9.381298828125, -0.13129272460937502, 0.1278533935546875, 0.5863311767578125, IdleDin
-1.7776855468750001, 2.007373046875, 8.845361328125001, -0.11110534667968751, 0.1254608154296875, 0.5528350830078126, IdleDin
-1.940380859375, 2.36865234375, 9.060693359375001, -0.1212738037109375, 0.148040771484375, 0.5662933349609376, IdleDin
-2.079150390625, 2.595947265625, 8.933886718750001, -0.1299468994140625, 0.1622467041015625, 0.5583679199218751, IdleDin
-1.5049316406250002, 3.629541015625, 6.9193359375000005, -0.09405822753906251, 0.2268463134765625, 0.43245849609375003, IdleDin
-1.7106933593750002, 2.313623046875, 9.161181640625001, -0.10691833496093751, 0.1446014404296875, 0.5725738525390626, IdleDin
-1.8757812500000002, 2.41650390625, 8.831005859375, -0.11723632812500001, 0.151031494140625, 0.5519378662109375, IdleDin
-1.7298339843750001, 2.4834960937500004, 8.634814453125001, -0.10811462402343751, 0.15521850585937502, 0.5396759033203126, IdleDin
-1.9236328125000002, 2.68447265625, 8.854931640625, -0.12022705078125001, 0.167779541015625, 0.5534332275390625, IdleDin
-2.201171875, 2.48828125, 9.142041015625, -0.1375732421875, 0.155517578125, 0.5713775634765625, IdleDin
-2.289697265625, 2.332763671875, 8.673095703125, -0.1431060791015625, 0.1457977294921875, 0.5420684814453125, IdleDin
-1.8087890625, 2.074365234375, 8.728125, -0.11304931640625, 0.1296478271484375, 0.5455078125, IdleDin
-1.0623046875000002, 1.619775390625, 8.304638671875, -0.06639404296875001, 0.1012359619140625, 0.5190399169921875, IdleDin
-1.653271484375, 1.378125, 9.012841796875001, -0.1033294677734375, 0.0861328125, 0.5633026123046876, IdleDin
-1.5432128906250002, 2.3160156250000004, 8.945849609375001, -0.09645080566406251, 0.14475097656250002, 0.5591156005859376, IdleDin
-1.6963378906250002, 2.3758300781250004, 8.539111328125001, -0.10602111816406251, 0.14848937988281252, 0.5336944580078126, IdleDin
-2.1246093750000004, 2.8423828125000004, 9.216210937500001, -0.13278808593750002, 0.17764892578125002, 0.5760131835937501, IdleDin
-1.44990234375, 3.682177734375, 7.718457031250001, -0.090618896484375, 0.2301361083984375, 0.48240356445312504, IdleDin
-2.0001953125000003, 2.581591796875, 8.79990234375, -0.12501220703125002, 0.1613494873046875, 0.549993896484375, IdleDin
-1.8733886718750001, 2.5313476562500004, 8.826220703125001, -0.11708679199218751, 0.15820922851562502, 0.5516387939453126, IdleDin
-1.9595214843750002, 2.4356445312500004, 9.070263671875, -0.12247009277343751, 0.15222778320312502, 0.5668914794921875, IdleDin
-1.8662109375000002, 2.4188964843750003, 8.728125, -0.11663818359375001, 0.15118103027343752, 0.5455078125, IdleDin
-1.748974609375, 2.4021484375, 8.933886718750001, -0.1093109130859375, 0.15013427734375, 0.5583679199218751, IdleDin
-1.7106933593750002, 2.222705078125, 8.77119140625, -0.10691833496093751, 0.1389190673828125, 0.548199462890625, IdleDin
-1.244140625, 0.724951171875, 9.352587890625001, -0.0777587890625, 0.0453094482421875, 0.5845367431640626, IdleDin
-1.796826171875, 2.4595703125000004, 8.517578125, -0.1123016357421875, 0.15372314453125002, 0.5323486328125, IdleDin
-1.67958984375, 2.461962890625, 8.646777343750001, -0.104974365234375, 0.1538726806640625, 0.5404235839843751, IdleDin
-1.6389160156250002, 3.1294921875000004, 8.39794921875, -0.10243225097656251, 0.19559326171875002, 0.524871826171875, IdleDin
-2.002587890625, 2.4667480468750003, 9.223388671875, -0.1251617431640625, 0.15417175292968752, 0.5764617919921875, IdleDin
-1.8973144531250001, 2.390185546875, 8.998486328125, -0.11858215332031251, 0.1493865966796875, 0.5624053955078125, IdleDin
-2.0121582031250003, 2.296875, 8.797509765625001, -0.12575988769531252, 0.1435546875, 0.5498443603515626, IdleDin
-1.5886718750000002, 1.9930175781250001, 8.615673828125, -0.09929199218750001, 0.12456359863281251, 0.5384796142578125, IdleDin
-1.136474609375, 1.4307617187500001, 9.029589843750001, -0.0710296630859375, 0.08942260742187501, 0.5643493652343751, IdleDin
-0.844580078125, 1.6484863281250002, 8.2974609375, -0.0527862548828125, 0.10303039550781251, 0.51859130859375, IdleDin
-1.9044921875, 1.9116699218750002, 8.964990234375001, -0.11903076171875, 0.11947937011718751, 0.5603118896484376, IdleDin
-1.9044921875, 2.026513671875, 8.981738281250001, -0.11903076171875, 0.1266571044921875, 0.5613586425781251, IdleDin
-1.8614257812500001, 2.2920898437500004, 9.0439453125, -0.11633911132812501, 0.14325561523437502, 0.56524658203125, IdleDin
-2.3160156250000004, 2.3040527343750004, 9.101367187500001, -0.14475097656250002, 0.14400329589843752, 0.5688354492187501, IdleDin
-1.2537109375000002, 2.3399414062500004, 8.797509765625001, -0.07835693359375001, 0.14624633789062502, 0.5498443603515626, IdleDin
-1.0383789062500002, 2.39736328125, 8.864501953125, -0.06489868164062501, 0.149835205078125, 0.5540313720703125, IdleDin
-1.7944335937500002, 2.1365722656250004, 9.323876953125001, -0.11215209960937501, 0.13353576660156252, 0.5827423095703126, IdleDin
-1.7896484375000001, 2.201171875, 8.92431640625, -0.11185302734375001, 0.1375732421875, 0.557769775390625, IdleDin
-1.96669921875, 2.2490234375, 9.015234375, -0.122918701171875, 0.14056396484375, 0.5634521484375, IdleDin
-1.7776855468750001, 2.141357421875, 8.902783203125, -0.11110534667968751, 0.1338348388671875, 0.5564239501953125, IdleDin
-1.844677734375, 2.4476074218750004, 9.072656250000001, -0.1152923583984375, 0.15297546386718752, 0.5670410156250001, IdleDin
-1.63173828125, 2.170068359375, 8.988916015625001, -0.101983642578125, 0.1356292724609375, 0.5618072509765626, IdleDin
-1.1675781250000001, 1.9379882812500002, 9.015234375, -0.07297363281250001, 0.12112426757812501, 0.5634521484375, IdleDin
-0.45698242187500004, 2.2992675781250003, 7.495947265625, -0.028561401367187503, 0.14370422363281252, 0.4684967041015625, IdleDin
-1.844677734375, 2.2633789062500003, 9.072656250000001, -0.1152923583984375, 0.14146118164062502, 0.5670410156250001, IdleDin
-1.9212402343750001, 2.201171875, 9.185107421875001, -0.12007751464843751, 0.1375732421875, 0.5740692138671876, IdleDin
-1.8542480468750002, 2.1963867187500004, 8.945849609375001, -0.11589050292968751, 0.13727416992187502, 0.5591156005859376, IdleDin
-1.87099609375, 2.01455078125, 9.146826171875, -0.116937255859375, 0.125909423828125, 0.5716766357421875, IdleDin
-0.8374023437500001, 1.3470214843750001, 9.189892578125, -0.05233764648437501, 0.08418884277343751, 0.5743682861328125, IdleDin
0.26318359375, 0.696240234375, 8.271142578125001, 0.016448974609375, 0.0435150146484375, 0.5169464111328126, IdleDin
-2.4236816406250004, 2.792138671875, 7.606005859375, -0.15148010253906252, 0.1745086669921875, 0.4753753662109375, IdleDin
-1.7083007812500002, 2.086328125, 8.97216796875, -0.10676879882812501, 0.1303955078125, 0.560760498046875, IdleDin
-1.772900390625, 2.098291015625, 9.130078125, -0.1108062744140625, 0.1311431884765625, 0.5706298828125, IdleDin
-1.6939453125000001, 1.844677734375, 8.99130859375, -0.10587158203125001, 0.1152923583984375, 0.561956787109375, IdleDin
-1.547998046875, 2.58876953125, 9.1587890625, -0.0967498779296875, 0.161798095703125, 0.57242431640625, IdleDin
-0.9331054687500001, 2.7275390625, 8.27353515625, -0.05831909179687501, 0.17047119140625, 0.517095947265625, IdleDin
-1.102978515625, 2.63662109375, 9.39326171875, -0.0689361572265625, 0.164788818359375, 0.587078857421875, IdleDin
-0.940283203125, 2.71318359375, 8.988916015625001, -0.0587677001953125, 0.169573974609375, 0.5618072509765626, IdleDin
-0.744091796875, 2.7586425781250004, 9.053515625000001, -0.0465057373046875, 0.17241516113281252, 0.5658447265625001, IdleDin
1.6102050781250001, 1.1699707031250002, 4.624853515625, 0.10063781738281251, 0.07312316894531251, 0.2890533447265625, IdleDin
-1.691552734375, 2.0289062500000004, 9.185107421875001, -0.1057220458984375, 0.12680664062500002, 0.5740692138671876, IdleDin
-1.7322265625000002, 2.1150390625, 9.072656250000001, -0.10826416015625001, 0.13218994140625, 0.5670410156250001, IdleDin
-1.7537597656250001, 2.294482421875, 9.2353515625, -0.10960998535156251, 0.1434051513671875, 0.57720947265625, IdleDin
-1.303955078125, 1.9499511718750002, 8.761621093750001, -0.0814971923828125, 0.12187194824218751, 0.5476013183593751, IdleDin
-1.0024902343750002, 1.9475585937500002, 8.874072265625001, -0.06265563964843751, 0.12172241210937501, 0.5546295166015626, IdleDin
-0.5431152343750001, 1.8494628906250001, 9.022412109375, -0.033944702148437506, 0.11559143066406251, 0.5639007568359375, IdleDin
-0.6436035156250001, 1.9355957031250002, 9.213818359375, -0.040225219726562504, 0.12097473144531251, 0.5758636474609375, IdleDin
-0.6986328125000001, 1.8997070312500002, 9.060693359375001, -0.043664550781250006, 0.11873168945312501, 0.5662933349609376, IdleDin
-0.6148925781250001, 1.8973144531250001, 9.16357421875, -0.038430786132812506, 0.11858215332031251, 0.572723388671875, IdleDin
-0.68427734375, 1.9858398437500002, 9.3693359375, -0.042767333984375, 0.12411499023437501, 0.58558349609375, IdleDin
-0.8302246093750001, 2.01455078125, 9.44111328125, -0.051889038085937506, 0.125909423828125, 0.590069580078125, IdleDin
-0.7560546875, 2.1341796875, 9.359765625000001, -0.04725341796875, 0.13338623046875, 0.5849853515625001, IdleDin
-1.79921875, 2.6988281250000004, 11.886328125, -0.112451171875, 0.16867675781250002, 0.7428955078125, IdleDin
-1.7178710937500001, 2.2035644531250003, 8.9865234375, -0.10736694335937501, 0.13772277832031252, 0.56165771484375, IdleDin
-1.796826171875, 2.20595703125, 8.993701171875001, -0.1123016357421875, 0.137872314453125, 0.5621063232421876, IdleDin
-1.8040039062500002, 2.122216796875, 9.290380859375, -0.11275024414062501, 0.1326385498046875, 0.5806488037109375, IdleDin
-0.844580078125, 1.0120605468750001, 9.127685546875, -0.0527862548828125, 0.06325378417968751, 0.5704803466796875, IdleDin
-0.44741210937500003, 1.0503417968750002, 9.0822265625, -0.027963256835937502, 0.06564636230468751, 0.56763916015625, IdleDin
-0.30385742187500003, 0.7895507812500001, 9.055908203125, -0.018991088867187502, 0.04934692382812501, 0.5659942626953125, IdleDin
0.720166015625, 0.7871582031250001, 6.39775390625, 0.0450103759765625, 0.049197387695312504, 0.399859619140625, IdleDin
-1.4666503906250001, 2.050439453125, 9.175537109375, -0.09166564941406251, 0.1281524658203125, 0.5734710693359375, IdleDin
-1.5599609375, 2.5026367187500003, 9.0630859375, -0.09749755859375, 0.15641479492187502, 0.56644287109375, IdleDin
-1.7800781250000002, 3.4524902343750004, 8.429052734375, -0.11125488281250001, 0.21578063964843752, 0.5268157958984375, IdleDin
-1.5862792968750001, 3.9525390625, 8.553466796875, -0.09914245605468751, 0.24703369140625, 0.5345916748046875, IdleDin
-1.366162109375, 4.14873046875, 7.4696289062500005, -0.0853851318359375, 0.259295654296875, 0.46685180664062503, IdleDin
-1.8973144531250001, 2.79931640625, 8.58935546875, -0.11858215332031251, 0.174957275390625, 0.536834716796875, IdleDin
-1.930810546875, 2.3160156250000004, 8.92431640625, -0.1206756591796875, 0.14475097656250002, 0.557769775390625, IdleDin
-1.835107421875, 2.2155273437500003, 9.175537109375, -0.1146942138671875, 0.13847045898437502, 0.5734710693359375, IdleDin
-1.9092773437500001, 2.9739746093750004, 9.515283203125001, -0.11932983398437501, 0.18587341308593752, 0.5947052001953126, IdleDin
-0.80869140625, 0.964208984375, 9.68037109375, -0.050543212890625, 0.0602630615234375, 0.605023193359375, IdleDin
-0.25600585937500003, 1.260888671875, 8.964990234375001, -0.016000366210937502, 0.0788055419921875, 0.5603118896484376, IdleDin
-0.57421875, 2.1365722656250004, 8.295068359375001, -0.035888671875, 0.13353576660156252, 0.5184417724609376, IdleDin
-1.796826171875, 2.1676757812500003, 9.096582031250001, -0.1123016357421875, 0.13547973632812502, 0.5685363769531251, IdleDin
-1.7083007812500002, 2.4021484375, 9.287988281250001, -0.10676879882812501, 0.15013427734375, 0.5804992675781251, IdleDin
-2.11025390625, 2.677294921875, 8.900390625, -0.131890869140625, 0.1673309326171875, 0.5562744140625, IdleDin
-1.225, 2.739501953125, 8.831005859375, -0.0765625, 0.1712188720703125, 0.5519378662109375, IdleDin
-0.7464843750000001, 1.9355957031250002, 8.6994140625, -0.046655273437500006, 0.12097473144531251, 0.54371337890625, IdleDin
0.50244140625, 1.7130859375, 6.723144531250001, 0.031402587890625, 0.10706787109375, 0.42019653320312506, IdleDin
-1.4068359375000001, 1.96669921875, 9.220996093750001, -0.08792724609375001, 0.122918701171875, 0.5763122558593751, IdleDin
-1.3733398437500002, 1.7322265625000002, 9.3693359375, -0.08583374023437501, 0.10826416015625001, 0.58558349609375, IdleDin
-0.5957519531250001, -0.10527343750000001, 9.2736328125, -0.037234497070312504, -0.006579589843750001, 0.57960205078125, IdleDin
-0.6675292968750001, 0.9139648437500001, 9.096582031250001, -0.041720581054687504, 0.057122802734375006, 0.5685363769531251, IdleDin
-1.6748046875000002, 1.7059082031250001, 9.314306640625, -0.10467529296875001, 0.10661926269531251, 0.5821441650390625, IdleDin
-1.92841796875, 2.009765625, 9.18271484375, -0.120526123046875, 0.1256103515625, 0.573919677734375, IdleDin
-2.04326171875, 2.787353515625, 8.945849609375001, -0.127703857421875, 0.1742095947265625, 0.5591156005859376, IdleDin
-1.8422851562500002, 3.9668945312500004, 8.0390625, -0.11514282226562501, 0.24793090820312502, 0.50244140625, IdleDin
-1.9834472656250002, 3.7683105468750004, 8.649169921875, -0.12396545410156251, 0.23551940917968753, 0.5405731201171875, IdleDin
-1.7441894531250002, 2.7418945312500003, 8.857324218750001, -0.10901184082031251, 0.17136840820312502, 0.5535827636718751, IdleDin
-1.7417968750000001, 2.414111328125, 8.84775390625, -0.10886230468750001, 0.1508819580078125, 0.552984619140625, IdleDin
-1.9571289062500001, 2.5935546875, 9.000878906250001, -0.12232055664062501, 0.16209716796875, 0.5625549316406251, IdleDin
-1.5671386718750002, 1.9954101562500002, 9.046337890625, -0.09794616699218751, 0.12471313476562501, 0.5653961181640625, IdleDin
-0.45458984375000006, 0.7273437500000001, 8.92431640625, -0.028411865234375003, 0.045458984375000004, 0.557769775390625, IdleDin
0.318212890625, 0.09331054687500001, 9.015234375, 0.0198883056640625, 0.005831909179687501, 0.5634521484375, IdleDin
-1.4786132812500001, 1.9619140625000002, 9.149218750000001, -0.09241333007812501, 0.12261962890625001, 0.5718261718750001, IdleDin
-1.423583984375, 2.0528320312500004, 8.955419921875, -0.0889739990234375, 0.12830200195312502, 0.5597137451171875, IdleDin
-1.6628417968750002, 2.2681640625000004, 8.94345703125, -0.10392761230468751, 0.14176025390625002, 0.558966064453125, IdleDin
-1.5503906250000001, 2.8041015625, 9.508105468750001, -0.09689941406250001, 0.17525634765625, 0.5942565917968751, IdleDin
-0.9378906250000001, 3.203662109375, 7.4337402343750005, -0.058618164062500006, 0.2002288818359375, 0.46460876464843753, IdleDin
-1.7465820312500002, 4.11044921875, 8.730517578125001, -0.10916137695312501, 0.256903076171875, 0.5456573486328126, IdleDin
-1.8279296875000002, 2.4595703125000004, 9.005664062500001, -0.11424560546875001, 0.15372314453125002, 0.5628540039062501, IdleDin
-1.7944335937500002, 2.5385253906250003, 8.888427734375, -0.11215209960937501, 0.15865783691406252, 0.5555267333984375, IdleDin
-1.772900390625, 2.583984375, 8.814257812500001, -0.1108062744140625, 0.1614990234375, 0.5508911132812501, IdleDin
-2.2753417968750003, 2.6270507812500004, 10.012939453125, -0.14220886230468752, 0.16419067382812502, 0.6258087158203125, IdleDin
-0.47373046875, 1.25849609375, 8.4123046875, -0.029608154296875, 0.078656005859375, 0.52576904296875, IdleDin
-1.6125976562500002, 2.4212890625, 9.144433593750001, -0.10078735351562501, 0.15133056640625, 0.5715270996093751, IdleDin
-1.6269531250000002, 2.3255859375, 8.905175781250001, -0.10168457031250001, 0.14534912109375, 0.5565734863281251, IdleDin
-1.6628417968750002, 2.3830078125000003, 8.941064453125001, -0.10392761230468751, 0.14893798828125002, 0.5588165283203126, IdleDin
-1.701123046875, 2.409326171875, 9.168359375000001, -0.1063201904296875, 0.1505828857421875, 0.5730224609375001, IdleDin
-1.351806640625, 3.1103515625000004, 7.8189453125, -0.0844879150390625, 0.19439697265625003, 0.48868408203125, IdleDin
-1.2297851562500002, 3.6726074218750004, 7.749560546875, -0.07686157226562501, 0.22953796386718753, 0.4843475341796875, IdleDin
-1.7896484375000001, 2.9189453125, 8.630029296875001, -0.11185302734375001, 0.18243408203125, 0.5393768310546876, IdleDin
-1.856640625, 2.643798828125, 8.883642578125, -0.1160400390625, 0.1652374267578125, 0.5552276611328125, IdleDin
-1.5862792968750001, 2.744287109375, 8.407519531250001, -0.09914245605468751, 0.1715179443359375, 0.5254699707031251, IdleDin
-1.8255371093750001, 2.277734375, 9.283203125, -0.11409606933593751, 0.1423583984375, 0.5802001953125, IdleDin
-1.189111328125, 2.021728515625, 9.18271484375, -0.0743194580078125, 0.1263580322265625, 0.573919677734375, IdleDin
-0.49287109375000004, 1.4642578125, 9.091796875, -0.030804443359375003, 0.09151611328125, 0.5682373046875, IdleDin
-0.31342773437500004, 1.6030273437500002, 9.264062500000001, -0.019589233398437503, 0.10018920898437501, 0.5790039062500001, IdleDin
-1.6484863281250002, 2.1150390625, 9.213818359375, -0.10303039550781251, 0.13218994140625, 0.5758636474609375, IdleDin
-1.6819824218750001, 2.289697265625, 9.005664062500001, -0.10512390136718751, 0.1431060791015625, 0.5628540039062501, IdleDin
-1.7561523437500002, 2.44521484375, 9.070263671875, -0.10975952148437501, 0.152825927734375, 0.5668914794921875, IdleDin
-2.2322753906250004, 3.1007812500000003, 9.697119140625, -0.13951721191406252, 0.19379882812500002, 0.6060699462890625, IdleDin
-0.90439453125, 3.2562988281250003, 7.6969238281250005, -0.056524658203125, 0.20351867675781252, 0.48105773925781253, IdleDin
-2.2801269531250004, 1.811181640625, 9.125292968750001, -0.14250793457031252, 0.1131988525390625, 0.5703308105468751, IdleDin
-1.7657226562500001, 2.4954589843750004, 8.670703125000001, -0.11035766601562501, 0.15596618652343752, 0.5419189453125001, IdleDin
-2.5026367187500003, 2.71318359375, 9.376513671875001, -0.15641479492187502, 0.169573974609375, 0.5860321044921876, IdleDin
-1.6604492187500002, 1.414013671875, 8.850146484375001, -0.10377807617187501, 0.0883758544921875, 0.5531341552734376, IdleDin
-1.3972656250000002, 1.6628417968750002, 8.94345703125, -0.08732910156250001, 0.10392761230468751, 0.558966064453125, IdleDin
-0.42109375000000004, 0.8517578125, 6.7662109375, -0.026318359375000003, 0.05323486328125, 0.42288818359375, IdleDin
-1.91884765625, 2.13896484375, 9.024804687500001, -0.119927978515625, 0.133685302734375, 0.5640502929687501, IdleDin
-1.8279296875000002, 2.2083496093750004, 8.931494140625, -0.11424560546875001, 0.13802185058593752, 0.5582183837890625, IdleDin
-1.8973144531250001, 2.7658203125000003, 8.476904296875, -0.11858215332031251, 0.17286376953125002, 0.5298065185546875, IdleDin
-1.3302734375, 3.227587890625, 7.730419921875001, -0.08314208984375, 0.2017242431640625, 0.48315124511718754, IdleDin
0.11005859375, 3.0290039062500003, 4.1630859375, 0.006878662109375, 0.18931274414062502, 0.26019287109375, IdleDin
-2.01455078125, 2.457177734375, 9.084619140625001, -0.125909423828125, 0.1535736083984375, 0.5677886962890626, IdleDin
-1.990625, 2.318408203125, 9.146826171875, -0.1244140625, 0.1449005126953125, 0.5716766357421875, IdleDin
-2.284912109375, 2.6796875, 9.091796875, -0.1428070068359375, 0.16748046875, 0.5682373046875, IdleDin
-0.5550781250000001, 1.7585449218750002, 8.99130859375, -0.034692382812500006, 0.10990905761718751, 0.561956787109375, IdleDin
1.6365234375000002, 1.03359375, 4.069775390625001, 0.10228271484375001, 0.064599609375, 0.25436096191406254, IdleDin
-1.6843750000000002, 2.1796386718750003, 8.99609375, -0.10527343750000001, 0.13622741699218752, 0.562255859375, IdleDin
-1.665234375, 2.4117187500000004, 8.957812500000001, -0.1040771484375, 0.15073242187500002, 0.5598632812500001, IdleDin
-1.6963378906250002, 2.3758300781250004, 8.96259765625, -0.10602111816406251, 0.14848937988281252, 0.560162353515625, IdleDin
-1.8303222656250002, 2.409326171875, 9.027197265625, -0.11439514160156251, 0.1505828857421875, 0.5641998291015625, IdleDin
-1.8303222656250002, 2.428466796875, 9.051123046875, -0.11439514160156251, 0.1517791748046875, 0.5656951904296875, IdleDin
-1.763330078125, 2.5074218750000004, 9.008056640625, -0.1102081298828125, 0.15671386718750002, 0.5630035400390625, IdleDin
-1.7083007812500002, 2.4834960937500004, 8.838183593750001, -0.10676879882812501, 0.15521850585937502, 0.5523864746093751, IdleDin
-1.739404296875, 2.60791015625, 8.902783203125, -0.1087127685546875, 0.162994384765625, 0.5564239501953125, IdleDin
-1.8159667968750002, 2.6509765625000004, 8.960205078125, -0.11349792480468751, 0.16568603515625002, 0.5600128173828125, IdleDin
-1.6030273437500002, 2.60791015625, 8.998486328125, -0.10018920898437501, 0.162994384765625, 0.5624053955078125, IdleDin
-1.763330078125, 2.60791015625, 9.022412109375, -0.1102081298828125, 0.162994384765625, 0.5639007568359375, IdleDin
-1.6963378906250002, 2.4978515625, 8.902783203125, -0.10602111816406251, 0.15611572265625, 0.5564239501953125, IdleDin
-1.772900390625, 2.4236816406250004, 9.156396484375001, -0.1108062744140625, 0.15148010253906252, 0.5722747802734376, IdleDin
-2.1198242187500003, 2.8041015625, 9.90048828125, -0.13248901367187502, 0.17525634765625, 0.618780517578125, IdleDin
-1.9140625000000002, 0.6555664062500001, 8.773583984375001, -0.11962890625000001, 0.040972900390625004, 0.5483489990234376, IdleDin
-2.0719726562500003, 1.141259765625, 9.137255859375001, -0.12949829101562502, 0.0713287353515625, 0.5710784912109376, IdleDin
-1.8614257812500001, 2.4787109375000003, 9.01044921875, -0.11633911132812501, 0.15491943359375002, 0.563153076171875, IdleDin
-1.7681152343750002, 2.337548828125, 8.79990234375, -0.11050720214843751, 0.1460968017578125, 0.549993896484375, IdleDin
-1.7944335937500002, 2.5433105468750004, 8.926708984375, -0.11215209960937501, 0.15895690917968752, 0.5579193115234375, IdleDin
-1.8040039062500002, 2.45, 8.785546875000001, -0.11275024414062501, 0.153125, 0.5490966796875001, IdleDin
-1.6963378906250002, 2.5911621093750004, 8.850146484375001, -0.10602111816406251, 0.16194763183593752, 0.5531341552734376, IdleDin
-1.7896484375000001, 2.6892578125, 8.744873046875, -0.11185302734375001, 0.16807861328125, 0.5465545654296875, IdleDin
-1.916455078125, 2.70361328125, 9.05830078125, -0.1197784423828125, 0.168975830078125, 0.566143798828125, IdleDin
-2.0671875, 3.2132324218750004, 8.833398437500001, -0.12919921875, 0.20082702636718752, 0.5520874023437501, IdleDin
-1.3829101562500001, 3.2084472656250003, 8.20654296875, -0.08643188476562501, 0.20052795410156252, 0.512908935546875, IdleDin
-2.33037109375, 2.667724609375, 10.656542968750001, -0.145648193359375, 0.1667327880859375, 0.6660339355468751, IdleDin
-1.82314453125, 2.5791992187500004, 9.01044921875, -0.113946533203125, 0.16119995117187502, 0.563153076171875, IdleDin
-1.7824707031250002, 2.46435546875, 8.900390625, -0.11140441894531251, 0.154022216796875, 0.5562744140625, IdleDin
-1.701123046875, 2.5744140625000003, 8.8716796875, -0.1063201904296875, 0.16090087890625002, 0.55447998046875, IdleDin
-1.58388671875, 2.5193847656250004, 8.9673828125, -0.098992919921875, 0.15746154785156252, 0.56046142578125, IdleDin
-1.763330078125, 2.595947265625, 8.840576171875, -0.1102081298828125, 0.1622467041015625, 0.5525360107421875, IdleDin
-1.9834472656250002, 2.696435546875, 8.941064453125001, -0.12396545410156251, 0.1685272216796875, 0.5588165283203126, IdleDin
-1.859033203125, 2.75625, 8.859716796875, -0.1161895751953125, 0.172265625, 0.5537322998046875, IdleDin
-1.8470703125, 2.7179687500000003, 8.854931640625, -0.11544189453125, 0.16987304687500002, 0.5534332275390625, IdleDin
-1.990625, 2.739501953125, 8.768798828125, -0.1244140625, 0.1712188720703125, 0.5480499267578125, IdleDin
-1.8040039062500002, 2.63662109375, 8.831005859375, -0.11275024414062501, 0.164788818359375, 0.5519378662109375, IdleDin
-1.8375000000000001, 2.46435546875, 8.742480468750001, -0.11484375000000001, 0.154022216796875, 0.5464050292968751, IdleDin
-1.748974609375, 2.4715332031250004, 9.003271484375, -0.1093109130859375, 0.15447082519531252, 0.5627044677734375, IdleDin
-1.4642578125, 2.150927734375, 9.40283203125, -0.09151611328125, 0.1344329833984375, 0.587677001953125, IdleDin
-1.308740234375, 0.56943359375, 9.70908203125, -0.0817962646484375, 0.035589599609375, 0.606817626953125, IdleDin
-0.31342773437500004, 1.0862304687500002, 7.448095703125, -0.019589233398437503, 0.06788940429687501, 0.4655059814453125, IdleDin
-1.390087890625, 2.2801269531250004, 9.051123046875, -0.0868804931640625, 0.14250793457031252, 0.5656951904296875, IdleDin
-1.4427246093750001, 2.4404296875, 8.926708984375, -0.09017028808593751, 0.15252685546875, 0.5579193115234375, IdleDin
-1.691552734375, 2.7706054687500004, 8.945849609375001, -0.1057220458984375, 0.17316284179687502, 0.5591156005859376, IdleDin
-1.940380859375, 2.87109375, 8.859716796875, -0.1212738037109375, 0.179443359375, 0.5537322998046875, IdleDin
-2.2107421875, 2.99072265625, 8.888427734375, -0.13817138671875, 0.186920166015625, 0.5555267333984375, IdleDin
-1.318310546875, 2.660546875, 8.53671875, -0.0823944091796875, 0.1662841796875, 0.533544921875, IdleDin
-1.222607421875, 2.557666015625, 8.409912109375, -0.0764129638671875, 0.1598541259765625, 0.5256195068359375, IdleDin
-1.8375000000000001, 3.0912109375, 9.314306640625, -0.11484375000000001, 0.19320068359375, 0.5821441650390625, IdleDin
0.28950195312500004, 1.2058593750000002, 5.4646484375, 0.018093872070312503, 0.07536621093750001, 0.34154052734375, IdleDin
-1.571923828125, 2.528955078125, 8.826220703125001, -0.0982452392578125, 0.1580596923828125, 0.5516387939453126, IdleDin
-1.6580566406250001, 2.6820800781250003, 8.878857421875, -0.10362854003906251, 0.16763000488281252, 0.5549285888671875, IdleDin
-2.4715332031250004, 2.222705078125, 9.194677734375, -0.15447082519531252, 0.1389190673828125, 0.5746673583984375, IdleDin
-1.25849609375, 2.940478515625, 8.728125, -0.078656005859375, 0.1837799072265625, 0.5455078125, IdleDin
-3.1127441406250003, 2.8375976562500003, 6.857128906250001, -0.19454650878906252, 0.17734985351562502, 0.42857055664062504, IdleDin
-1.7800781250000002, 2.500244140625, 8.905175781250001, -0.11125488281250001, 0.1562652587890625, 0.5565734863281251, IdleDin
-1.787255859375, 2.595947265625, 8.9865234375, -0.1117034912109375, 0.1622467041015625, 0.56165771484375, IdleDin
-1.72744140625, 2.461962890625, 8.77119140625, -0.107965087890625, 0.1538726806640625, 0.548199462890625, IdleDin
-1.512109375, 2.739501953125, 9.034375, -0.0945068359375, 0.1712188720703125, 0.5646484375, IdleDin
0.15073242187500002, 1.8757812500000002, 6.060400390625, 0.009420776367187501, 0.11723632812500001, 0.3787750244140625, IdleDin
-0.6627441406250001, 2.1796386718750003, 7.007861328125, -0.041421508789062506, 0.13622741699218752, 0.4379913330078125, IdleDin
4.031494140625, 0.06220703125, -2.2633789062500003, 0.2519683837890625, 0.003887939453125, -0.14146118164062502, IdleDin
0.8708984375000001, 2.021728515625, 6.1656738281250005, 0.054431152343750004, 0.1263580322265625, 0.38535461425781253, IdleDin
-2.988330078125, 2.3279785156250004, 11.481982421875001, -0.1867706298828125, 0.14549865722656252, 0.7176239013671876, IdleDin
-7.622753906250001, 1.7537597656250001, 15.807763671875001, -0.47642211914062504, 0.10960998535156251, 0.9879852294921876, IdleDin
0.33017578125, 1.6604492187500002, 7.00546875, 0.020635986328125, 0.10377807617187501, 0.437841796875, IdleDin
-1.246533203125, 2.213134765625, 9.2353515625, -0.0779083251953125, 0.1383209228515625, 0.57720947265625, IdleDin
1.92841796875, 3.050537109375, 1.3254882812500002, 0.120526123046875, 0.1906585693359375, 0.08284301757812501, IdleDin
-1.399658203125, 2.4404296875, 9.041552734375001, -0.0874786376953125, 0.15252685546875, 0.5650970458984376, IdleDin
-1.5527832031250002, 2.409326171875, 8.981738281250001, -0.09704895019531251, 0.1505828857421875, 0.5613586425781251, IdleDin
-1.5264648437500001, 2.4428222656250003, 8.912353515625, -0.09540405273437501, 0.15267639160156252, 0.5570220947265625, IdleDin
-1.5743164062500001, 2.3710449218750003, 8.99130859375, -0.09839477539062501, 0.14819030761718752, 0.561956787109375, IdleDin
-1.571923828125, 2.30166015625, 8.976953125000001, -0.0982452392578125, 0.143853759765625, 0.5610595703125001, IdleDin
-1.5791015625000002, 2.5169921875, 9.031982421875, -0.09869384765625001, 0.15731201171875, 0.5644989013671875, IdleDin
-0.22250976562500002, 2.277734375, 8.362060546875, -0.013906860351562501, 0.1423583984375, 0.5226287841796875, IdleDin
0.9737792968750001, 2.5026367187500003, 6.9001953125, 0.060861206054687506, 0.15641479492187502, 0.43126220703125, IdleDin
-1.547998046875, 2.49306640625, 8.950634765625, -0.0967498779296875, 0.155816650390625, 0.5594146728515625, IdleDin
-1.6724121093750002, 2.6749023437500004, 9.520068359375001, -0.10452575683593751, 0.16718139648437502, 0.5950042724609376, IdleDin
-0.45458984375000006, 2.055224609375, 8.395556640625001, -0.028411865234375003, 0.1284515380859375, 0.5247222900390626, IdleDin
-2.2490234375, 2.8734863281250003, 15.726416015625, -0.14056396484375, 0.17959289550781252, 0.9829010009765625, IdleDin
-1.5264648437500001, 2.4188964843750003, 9.01044921875, -0.09540405273437501, 0.15118103027343752, 0.563153076171875, IdleDin
-1.3494140625000002, 2.361474609375, 8.673095703125, -0.08433837890625001, 0.1475921630859375, 0.5420684814453125, IdleDin
-0.80390625, 2.56962890625, 8.139550781250001, -0.050244140625, 0.160601806640625, 0.5087219238281251, IdleDin
-2.12939453125, 2.76103515625, 10.45078125, -0.133087158203125, 0.172564697265625, 0.653173828125, IdleDin
-0.342138671875, 2.3112304687500003, 7.065283203125, -0.0213836669921875, 0.14445190429687502, 0.4415802001953125, IdleDin
-1.9355957031250002, 3.1007812500000003, 11.16376953125, -0.12097473144531251, 0.19379882812500002, 0.697735595703125, IdleDin
-8.917138671875001, 4.806689453125, 19.599401855468752, -0.5573211669921876, 0.3004180908203125, 1.224962615966797, IdleDin
-1.5503906250000001, 2.548095703125, 8.936279296875, -0.09689941406250001, 0.1592559814453125, 0.5585174560546875, IdleDin
-1.6078125, 2.5169921875, 8.902783203125, -0.10048828125, 0.15731201171875, 0.5564239501953125, IdleDin
-1.6078125, 2.524169921875, 8.8046875, -0.10048828125, 0.1577606201171875, 0.55029296875, IdleDin
-1.605419921875, 2.52177734375, 8.859716796875, -0.1003387451171875, 0.157611083984375, 0.5537322998046875, IdleDin
-1.667626953125, 2.45, 9.022412109375, -0.1042266845703125, 0.153125, 0.5639007568359375, IdleDin
-1.64130859375, 2.528955078125, 8.747265625, -0.102581787109375, 0.1580596923828125, 0.5467041015625, IdleDin
-1.7106933593750002, 2.744287109375, 8.749658203125001, -0.10691833496093751, 0.1715179443359375, 0.5468536376953126, IdleDin
-1.6173828125, 2.5935546875, 8.9482421875, -0.10108642578125, 0.16209716796875, 0.55926513671875, IdleDin
-1.67958984375, 2.65576171875, 8.881250000000001, -0.104974365234375, 0.165985107421875, 0.5550781250000001, IdleDin
-1.8087890625, 2.5433105468750004, 8.766406250000001, -0.11304931640625, 0.15895690917968752, 0.5479003906250001, IdleDin
-1.8303222656250002, 2.356689453125, 8.955419921875, -0.11439514160156251, 0.1472930908203125, 0.5597137451171875, IdleDin
-1.9140625000000002, 2.46435546875, 8.778369140625001, -0.11962890625000001, 0.154022216796875, 0.5486480712890626, IdleDin
-1.97626953125, 2.7179687500000003, 8.8716796875, -0.123516845703125, 0.16987304687500002, 0.55447998046875, IdleDin
-1.8422851562500002, 2.6103027343750003, 8.845361328125001, -0.11514282226562501, 0.16314392089843752, 0.5528350830078126, IdleDin
-2.1485351562500004, 3.06728515625, 9.37890625, -0.13428344726562502, 0.191705322265625, 0.586181640625, IdleDin
-1.64130859375, 2.667724609375, 8.854931640625, -0.102581787109375, 0.1667327880859375, 0.5534332275390625, IdleDin
-1.4642578125, 2.954833984375, 8.481689453125, -0.09151611328125, 0.1846771240234375, 0.5301055908203125, IdleDin
-1.8040039062500002, 3.2610839843750004, 8.814257812500001, -0.11275024414062501, 0.20381774902343752, 0.5508911132812501, IdleDin
-1.6963378906250002, 2.8184570312500004, 8.8908203125, -0.10602111816406251, 0.17615356445312502, 0.55567626953125, IdleDin
-1.73701171875, 2.7658203125000003, 8.7568359375, -0.108563232421875, 0.17286376953125002, 0.54730224609375, IdleDin
-1.7226562500000002, 2.7275390625, 8.897998046875001, -0.10766601562500001, 0.17047119140625, 0.5561248779296876, IdleDin
-1.6580566406250001, 2.6270507812500004, 8.91953125, -0.10362854003906251, 0.16419067382812502, 0.557470703125, IdleDin
-1.6102050781250001, 2.557666015625, 8.909960937500001, -0.10063781738281251, 0.1598541259765625, 0.5568725585937501, IdleDin
-1.605419921875, 2.5145996093750003, 8.909960937500001, -0.1003387451171875, 0.15716247558593752, 0.5568725585937501, IdleDin
-1.1795410156250001, 1.9379882812500002, 8.7759765625, -0.07372131347656251, 0.12112426757812501, 0.54849853515625, IdleDin
-0.6388183593750001, 0.9426757812500001, 9.268847656250001, -0.039926147460937506, 0.058917236328125004, 0.5793029785156251, IdleDin
-0.5646484375, 1.378125, 8.216113281250001, -0.03529052734375, 0.0861328125, 0.5135070800781251, IdleDin
-1.232177734375, 3.03857421875, 8.558251953125001, -0.0770111083984375, 0.189910888671875, 0.5348907470703126, IdleDin
-1.3470214843750001, 2.964404296875, 8.886035156250001, -0.08418884277343751, 0.1852752685546875, 0.5553771972656251, IdleDin
-1.3709472656250001, 3.02421875, 8.730517578125001, -0.08568420410156251, 0.189013671875, 0.5456573486328126, IdleDin
-1.41162109375, 3.1294921875000004, 8.897998046875001, -0.088226318359375, 0.19559326171875002, 0.5561248779296876, IdleDin
-1.2991699218750001, 2.485888671875, 8.883642578125, -0.08119812011718751, 0.1553680419921875, 0.5552276611328125, IdleDin
-1.5623535156250001, 3.06728515625, 9.05830078125, -0.09764709472656251, 0.191705322265625, 0.566143798828125, IdleDin
-1.7776855468750001, 3.5434082031250003, 8.534326171875001, -0.11110534667968751, 0.22146301269531252, 0.5333953857421876, IdleDin
-1.581494140625, 2.8064941406250004, 8.802294921875001, -0.0988433837890625, 0.17540588378906252, 0.5501434326171876, IdleDin
-1.59345703125, 2.87109375, 8.864501953125, -0.099591064453125, 0.179443359375, 0.5540313720703125, IdleDin
-1.571923828125, 2.835205078125, 8.787939453125, -0.0982452392578125, 0.1772003173828125, 0.5492462158203125, IdleDin
-1.48818359375, 2.8328125, 8.747265625, -0.093011474609375, 0.17705078125, 0.5467041015625, IdleDin
-1.471435546875, 2.7275390625, 8.941064453125001, -0.0919647216796875, 0.17047119140625, 0.5588165283203126, IdleDin
-1.4786132812500001, 3.3256835937500004, 8.7951171875, -0.09241333007812501, 0.20785522460937503, 0.54969482421875, IdleDin
-1.2537109375000002, 2.49306640625, 9.130078125, -0.07835693359375001, 0.155816650390625, 0.5706298828125, IdleDin
-0.9977050781250001, 2.56005859375, 9.252099609375001, -0.062356567382812506, 0.160003662109375, 0.5782562255859376, IdleDin
-1.213037109375, 2.8304199218750004, 8.92431640625, -0.0758148193359375, 0.17690124511718752, 0.557769775390625, IdleDin
-1.2273925781250001, 2.9572265625000003, 8.9865234375, -0.07671203613281251, 0.18482666015625002, 0.56165771484375, IdleDin
-1.1484375, 2.9859375000000004, 8.821435546875001, -0.07177734375, 0.18662109375000002, 0.5513397216796876, IdleDin
-1.244140625, 2.9452636718750003, 8.838183593750001, -0.0777587890625, 0.18407897949218752, 0.5523864746093751, IdleDin
-1.225, 2.9093750000000003, 8.99609375, -0.0765625, 0.18183593750000002, 0.562255859375, IdleDin
-1.3613769531250002, 3.103173828125, 8.857324218750001, -0.08508605957031251, 0.1939483642578125, 0.5535827636718751, IdleDin
-1.524072265625, 3.0936035156250004, 9.029589843750001, -0.0952545166015625, 0.19335021972656252, 0.5643493652343751, IdleDin
-1.4786132812500001, 3.0768554687500003, 8.878857421875, -0.09241333007812501, 0.19230346679687502, 0.5549285888671875, IdleDin
-1.471435546875, 3.294580078125, 8.701806640625001, -0.0919647216796875, 0.2059112548828125, 0.5438629150390626, IdleDin
-1.471435546875, 2.954833984375, 8.9865234375, -0.0919647216796875, 0.1846771240234375, 0.56165771484375, IdleDin
-1.48818359375, 3.00029296875, 8.7759765625, -0.093011474609375, 0.187518310546875, 0.54849853515625, IdleDin
-1.452294921875, 2.887841796875, 8.84296875, -0.0907684326171875, 0.1804901123046875, 0.552685546875, IdleDin
-1.327880859375, 2.667724609375, 8.9865234375, -0.0829925537109375, 0.1667327880859375, 0.56165771484375, IdleDin
-0.92353515625, 2.2562011718750004, 9.5703125, -0.057720947265625, 0.14101257324218752, 0.59814453125, IdleDin
-0.16987304687500002, 1.36376953125, 9.189892578125, -0.010617065429687501, 0.085235595703125, 0.5743682861328125, IdleDin
-0.26557617187500004, 0.184228515625, 9.216210937500001, -0.016598510742187503, 0.0115142822265625, 0.5760131835937501, IdleDin
-1.1699707031250002, 2.5026367187500003, 8.941064453125001, -0.07312316894531251, 0.15641479492187502, 0.5588165283203126, IdleDin
-1.222607421875, 2.595947265625, 8.998486328125, -0.0764129638671875, 0.1622467041015625, 0.5624053955078125, IdleDin
-1.246533203125, 2.595947265625, 9.142041015625, -0.0779083251953125, 0.1622467041015625, 0.5713775634765625, IdleDin
-1.4690429687500002, 3.179736328125, 8.70419921875, -0.09181518554687501, 0.1987335205078125, 0.544012451171875, IdleDin
-1.4331542968750002, 3.19169921875, 8.6037109375, -0.08957214355468751, 0.199481201171875, 0.53773193359375, IdleDin
-1.461865234375, 3.4644531250000004, 8.46015625, -0.0913665771484375, 0.21652832031250002, 0.528759765625, IdleDin
-1.3876953125, 3.294580078125, 8.764013671875, -0.08673095703125, 0.2059112548828125, 0.5477508544921875, IdleDin
-1.435546875, 3.050537109375, 8.78076171875, -0.0897216796875, 0.1906585693359375, 0.548797607421875, IdleDin
-1.5025390625000001, 2.9500488281250004, 8.831005859375, -0.09390869140625001, 0.18437805175781252, 0.5519378662109375, IdleDin
-1.435546875, 2.859130859375, 8.785546875000001, -0.0897216796875, 0.1786956787109375, 0.5490966796875001, IdleDin
-1.2632812500000001, 2.6270507812500004, 8.945849609375001, -0.07895507812500001, 0.16419067382812502, 0.5591156005859376, IdleDin
-1.3709472656250001, 2.75146484375, 8.909960937500001, -0.08568420410156251, 0.171966552734375, 0.5568725585937501, IdleDin
-1.30634765625, 2.619873046875, 8.976953125000001, -0.081646728515625, 0.1637420654296875, 0.5610595703125001, IdleDin
-1.2537109375000002, 2.6461914062500003, 8.89560546875, -0.07835693359375001, 0.16538696289062502, 0.555975341796875, IdleDin
-1.332666015625, 2.8328125, 8.99130859375, -0.0832916259765625, 0.17705078125, 0.561956787109375, IdleDin
-1.318310546875, 2.76103515625, 8.905175781250001, -0.0823944091796875, 0.172564697265625, 0.5565734863281251, IdleDin
-1.428369140625, 2.9261230468750004, 8.802294921875001, -0.0892730712890625, 0.18288269042968752, 0.5501434326171876, IdleDin
-1.5599609375, 2.9093750000000003, 8.797509765625001, -0.09749755859375, 0.18183593750000002, 0.5498443603515626, IdleDin
-1.53125, 3.14384765625, 8.70419921875, -0.095703125, 0.196490478515625, 0.544012451171875, IdleDin
-1.88056640625, 2.94765625, 8.764013671875, -0.117535400390625, 0.184228515625, 0.5477508544921875, IdleDin
-1.4307617187500001, 3.4046386718750004, 8.3740234375, -0.08942260742187501, 0.21278991699218752, 0.52337646484375, IdleDin
-1.031201171875, 3.5960449218750004, 8.132373046875001, -0.0644500732421875, 0.22475280761718752, 0.5082733154296876, IdleDin
-0.6268554687500001, 4.05302734375, 8.529541015625, -0.039178466796875006, 0.253314208984375, 0.5330963134765625, IdleDin
-1.8303222656250002, 5.7708984375000005, 12.953417968750001, -0.11439514160156251, 0.36068115234375003, 0.8095886230468751, IdleDin
-0.97138671875, 3.64150390625, 8.694628906250001, -0.060711669921875, 0.227593994140625, 0.5434143066406251, IdleDin
-0.9929199218750001, 3.6558593750000004, 8.701806640625001, -0.06205749511718751, 0.22849121093750002, 0.5438629150390626, IdleDin
-0.9785644531250001, 3.64150390625, 8.63720703125, -0.061160278320312504, 0.227593994140625, 0.539825439453125, IdleDin
-0.7823730468750001, 3.749169921875, 8.457763671875, -0.048898315429687506, 0.2343231201171875, 0.5286102294921875, IdleDin
-1.06708984375, 3.773095703125, 8.539111328125001, -0.066693115234375, 0.2358184814453125, 0.5336944580078126, IdleDin
-0.964208984375, 4.06259765625, 8.500830078125, -0.0602630615234375, 0.253912353515625, 0.5313018798828125, IdleDin
-0.940283203125, 4.1439453125000005, 8.263964843750001, -0.0587677001953125, 0.25899658203125003, 0.5164978027343751, IdleDin
-0.9618164062500001, 4.344921875000001, 8.426660156250001, -0.060113525390625006, 0.27155761718750004, 0.5266662597656251, IdleDin
-0.8661132812500001, 3.9118652343750004, 8.335742187500001, -0.054132080078125006, 0.24449157714843753, 0.5209838867187501, IdleDin
-1.332666015625, 3.95732421875, 8.993701171875001, -0.0832916259765625, 0.247332763671875, 0.5621063232421876, IdleDin
-0.959423828125, 3.6750000000000003, 8.718554687500001, -0.0599639892578125, 0.22968750000000002, 0.5449096679687501, IdleDin
-1.064697265625, 3.4764160156250004, 8.84296875, -0.0665435791015625, 0.21727600097656252, 0.552685546875, IdleDin
-1.12451171875, 3.1773437500000004, 8.886035156250001, -0.070281982421875, 0.19858398437500002, 0.5553771972656251, IdleDin
-0.6866699218750001, 1.5503906250000001, 8.826220703125001, -0.042916870117187506, 0.09689941406250001, 0.5516387939453126, IdleDin
-1.007275390625, 2.3351562500000003, 9.015234375, -0.0629547119140625, 0.14594726562500002, 0.5634521484375, IdleDin
-0.887646484375, 3.222802734375, 8.91474609375, -0.0554779052734375, 0.2014251708984375, 0.557171630859375, IdleDin
-0.9666015625000001, 3.25869140625, 8.759228515625, -0.060412597656250004, 0.203668212890625, 0.5474517822265625, IdleDin
-1.0000976562500001, 3.5290527343750004, 8.802294921875001, -0.06250610351562501, 0.22056579589843753, 0.5501434326171876, IdleDin
