-10.338330078125, -3.9860351562500003, 1.8781738281250002, 1.8781738281250002, -3.9860351562500003, 0, JogDin
-1.332666015625, 0.533544921875, 9.261669921875, -0.0832916259765625, 0.0333465576171875, 0.5788543701171875, JogDin
-1.3350585937500001, 0.784765625, 9.328662109375001, -0.08344116210937501, 0.0490478515625, 0.5830413818359376, JogDin
-1.2895996093750002, 0.21533203125000003, 9.410009765625, -0.08059997558593751, 0.013458251953125002, 0.5881256103515625, JogDin
7.309326171875001, 10.579980468750001, 12.477294921875002, 0.45683288574218756, 0.6612487792968751, 0.7798309326171876, JogDin
19.6, -11.242724609375001, 7.00546875, 1.225, -0.7026702880859376, 0.437841796875, JogDin
-1.53603515625, 0.8421875000000001, 9.49853515625, -0.096002197265625, 0.052636718750000006, 0.593658447265625, JogDin
-4.5626464843750005, -1.87099609375, 14.400927734375001, -0.28516540527343753, -0.116937255859375, 0.9000579833984376, JogDin
-8.378808593750001, 18.401318359375, 13.372119140625001, -0.5236755371093751, 1.1500823974609375, 0.8357574462890626, JogDin
19.6, 19.6, -12.015527343750001, 1.225, 1.225, -0.7509704589843751, JogDin
-1.6125976562500002, 1.016845703125, 9.3310546875, -0.10078735351562501, 0.0635528564453125, 0.58319091796875, JogDin
-1.748974609375, -3.0912109375, 10.8623046875, -0.1093109130859375, -0.19320068359375, 0.67889404296875, JogDin
-8.814257812500001, 12.651953125, 11.4748046875, -0.5508911132812501, 0.7907470703125, 0.71717529296875, JogDin
19.6, 19.6, -8.639599609375, 1.225, 1.225, -0.5399749755859375, JogDin
-1.9619140625000002, 1.0814453125, 9.532031250000001, -0.12261962890625001, 0.06759033203125, 0.5957519531250001, JogDin
-7.25908203125, -1.6006347656250002, -4.19658203125, -0.453692626953125, -0.10003967285156251, -0.262286376953125, JogDin
-9.34541015625, 14.60908203125, 12.5083984375, -0.584088134765625, 0.913067626953125, 0.78177490234375, JogDin
19.6, 19.6, -6.653759765625001, 1.225, 1.225, -0.41585998535156254, JogDin
-2.1317871093750003, 0.8134765625000001, 9.6181640625, -0.13323669433593752, 0.05084228515625001, 0.60113525390625, JogDin
17.329443359375002, 19.6, -19.540185546875, 1.0830902099609376, 1.225, -1.2212615966796876, JogDin
-14.539697265625001, 16.721728515625003, 7.9146484375, -0.9087310791015626, 1.0451080322265627, 0.49466552734375, JogDin
19.6, 19.6, -5.8666015625000005, 1.225, 1.225, -0.36666259765625003, JogDin
-1.8398925781250002, 0.64599609375, 9.103759765625, -0.11499328613281251, 0.040374755859375, 0.5689849853515625, JogDin
-1.9858398437500002, -9.94833984375, 16.267138671875003, -0.12411499023437501, -0.621771240234375, 1.0166961669921877, JogDin
-10.563232421875, 4.5626464843750005, 7.74716796875, -0.6602020263671875, 0.28516540527343753, 0.484197998046875, JogDin
19.6, 19.6, -18.049609375000003, 1.225, 1.225, -1.1281005859375002, JogDin
-1.8614257812500001, 0.80869140625, 9.299951171875001, -0.11633911132812501, 0.050543212890625, 0.5812469482421876, JogDin
0.32539062500000004, -0.6866699218750001, 19.599401855468752, 0.020336914062500003, -0.042916870117187506, 1.224962615966797, JogDin
-11.62314453125, 2.409326171875, 12.453369140625002, -0.726446533203125, 0.1505828857421875, 0.7783355712890626, JogDin
19.6, -7.7567382812500005, 19.6, 1.225, -0.48479614257812503, 1.225, JogDin
-0.863720703125, 0.80390625, 9.1779296875, -0.0539825439453125, 0.050244140625, 0.57362060546875, JogDin
0.7823730468750001, -2.8806640625, 19.599401855468752, 0.048898315429687506, -0.18004150390625, 1.224962615966797, JogDin
-11.83369140625, 2.41650390625, 11.879150390625, -0.739605712890625, 0.151031494140625, 0.7424468994140625, JogDin
-13.015625000000002, 8.665917968750001, 19.599401855468752, -0.8134765625000001, 0.5416198730468751, 1.224962615966797, JogDin
-1.4092285156250002, 0.8613281250000001, 9.1396484375, -0.08807678222656251, 0.05383300781250001, 0.57122802734375, JogDin
-5.2206054687500005, 0.533544921875, 19.599401855468752, -0.32628784179687503, 0.0333465576171875, 1.224962615966797, JogDin
-11.154199218750001, 2.11025390625, 8.419482421875001, -0.6971374511718751, 0.131890869140625, 0.5262176513671876, JogDin
19.6, 19.6, 19.599401855468752, 1.225, 1.225, 1.224962615966797, JogDin
-1.6221679687500001, 1.16279296875, 9.122900390625, -0.10138549804687501, 0.072674560546875, 0.5701812744140625, JogDin
-5.014843750000001, -5.8857421875, 18.358251953125002, -0.31342773437500004, -0.36785888671875, 1.1473907470703126, JogDin
-11.78583984375, -2.1150390625, 12.395947265625, -0.736614990234375, -0.13218994140625, 0.7747467041015625, JogDin
19.6, 19.549755859375, 19.599401855468752, 1.225, 1.2218597412109375, 1.224962615966797, JogDin
-2.1246093750000004, 0.2966796875, 8.8046875, -0.13278808593750002, 0.01854248046875, 0.55029296875, JogDin
-6.658544921875, -1.3709472656250001, 19.372705078125, -0.4161590576171875, -0.08568420410156251, 1.2107940673828126, JogDin
-13.15439453125, -1.5145019531250001, 10.292871093750001, -0.822149658203125, -0.09465637207031251, 0.6433044433593751, JogDin
19.6, 12.261962890625002, 19.485156250000003, 1.225, 0.7663726806640626, 1.2178222656250002, JogDin
-1.7585449218750002, 2.055224609375, 8.237646484375, -0.10990905761718751, 0.1284515380859375, 0.5148529052734375, JogDin
-4.5985351562500005, 0.16269531250000002, 16.5853515625, -0.28740844726562503, 0.010168457031250001, 1.03658447265625, JogDin
-11.606396484375, -0.7560546875, 9.122900390625, -0.7253997802734375, -0.04725341796875, 0.5701812744140625, JogDin
19.6, 19.599401855468752, 13.015625000000002, 1.225, 1.224962615966797, 0.8134765625000001, JogDin
-1.40205078125, 0.8134765625000001, 9.551171875000001, -0.087628173828125, 0.05084228515625001, 0.5969482421875001, JogDin
-5.658447265625, 2.308837890625, 16.181005859375002, -0.3536529541015625, 0.1443023681640625, 1.0113128662109376, JogDin
-10.962792968750001, -1.4786132812500001, 9.8287109375, -0.6851745605468751, -0.09241333007812501, 0.61429443359375, JogDin
19.6, -13.46064453125, -9.49375, 1.225, -0.841290283203125, -0.593359375, JogDin
-2.01455078125, 0.8254394531250001, 9.244921875000001, -0.125909423828125, 0.05158996582031251, 0.5778076171875001, JogDin
0.23925781250000003, -1.5767089843750002, 19.599401855468752, 0.014953613281250002, -0.09854431152343751, 1.224962615966797, JogDin
-9.644482421875, -0.212939453125, 9.955517578125, -0.6027801513671875, -0.0133087158203125, 0.6222198486328125, JogDin
19.6, -9.015234375, 19.6, 1.225, -0.5634521484375, 1.225, JogDin
-2.3279785156250004, 0.720166015625, 9.165966796875, -0.14549865722656252, 0.0450103759765625, 0.5728729248046875, JogDin
-6.687255859375001, 10.768994140625, 6.778173828125, -0.41795349121093756, 0.6730621337890625, 0.4236358642578125, JogDin
4.9287109375, 19.6, 19.599401855468752, 0.30804443359375, 1.225, 1.224962615966797, JogDin
19.6, 19.599401855468752, 19.599401855468752, 1.225, 1.224962615966797, 1.224962615966797, JogDin
-2.6222656250000003, 0.39716796875000004, 9.02001953125, -0.16389160156250002, 0.024822998046875003, 0.563751220703125, JogDin
2.241845703125, 3.7754882812500004, 19.6, 0.1401153564453125, 0.23596801757812502, 1.225, JogDin
-1.36376953125, 1.978662109375, 10.563232421875, -0.085235595703125, 0.1236663818359375, 0.6602020263671875, JogDin
19.6, 19.6, 1.9475585937500002, 1.225, 1.225, 0.12172241210937501, JogDin
-3.0337890625000004, 1.069482421875, 8.747265625, -0.18961181640625002, 0.0668426513671875, 0.5467041015625, JogDin
6.747070312500001, 1.102978515625, -2.1006835937500004, 0.42169189453125006, 0.0689361572265625, -0.13129272460937502, JogDin
-6.282910156250001, 14.740673828125, 12.714160156250001, -0.39268188476562504, 0.9212921142578125, 0.7946350097656251, JogDin
19.6, 19.6, 3.2419433593750004, 1.225, 1.225, 0.20262145996093753, JogDin
-3.1677734375, 0.287109375, 8.78076171875, -0.19798583984375, 0.0179443359375, 0.548797607421875, JogDin
-6.002978515625, -14.54208984375, 0.299072265625, -0.3751861572265625, -0.908880615234375, 0.0186920166015625, JogDin
-7.797412109375, 9.505712890625, 6.098681640625, -0.4873382568359375, 0.5941070556640625, 0.3811676025390625, JogDin
19.6, 19.6, 19.6, 1.225, 1.225, 1.225, JogDin
-2.80888671875, 0.76083984375, 8.43623046875, -0.175555419921875, 0.047552490234375, 0.527264404296875, JogDin
-9.986621093750001, -0.17705078125, 18.035253906250002, -0.6241638183593751, -0.011065673828125, 1.1272033691406251, JogDin
-9.0822265625, 7.201660156250001, 8.893212890625001, -0.56763916015625, 0.45010375976562506, 0.5558258056640626, JogDin
19.6, -16.135546875000003, -9.077441406250001, 1.225, -1.0084716796875002, -0.5673400878906251, JogDin
-3.5792968750000003, 0.6603515625, 8.728125, -0.22370605468750002, 0.04127197265625, 0.5455078125, JogDin
19.6, -6.794921875000001, 19.599401855468752, 1.225, -0.42468261718750006, 1.224962615966797, JogDin
-5.349804687500001, 7.0509277343750005, 9.189892578125, -0.33436279296875004, 0.44068298339843753, 0.5743682861328125, JogDin
19.6, 19.6, 19.6, 1.225, 1.225, 1.225, JogDin
-2.8256347656250003, 0.8661132812500001, 9.529638671875, -0.17660217285156252, 0.054132080078125006, 0.5956024169921875, JogDin
19.6, -19.497119140625003, 4.55546875, 1.225, -1.2185699462890627, 0.284716796875, JogDin
-4.471728515625, 9.534423828125, 9.883740234375, -0.2794830322265625, 0.5959014892578125, 0.6177337646484375, JogDin
19.6, 19.6, -3.5194824218750003, 1.225, 1.225, -0.21996765136718752, JogDin
-3.179736328125, 1.03359375, 9.072656250000001, -0.1987335205078125, 0.064599609375, 0.5670410156250001, JogDin
6.196777343750001, 0.165087890625, -6.3331542968750005, 0.38729858398437506, 0.0103179931640625, -0.39582214355468753, JogDin
-5.318701171875, 14.750244140625002, 13.135253906250002, -0.3324188232421875, 0.9218902587890626, 0.8209533691406251, JogDin
19.6, 19.6, 7.974462890625, 1.225, 1.225, 0.4984039306640625, JogDin
-2.7658203125000003, 0.294287109375, 9.144433593750001, -0.17286376953125002, 0.0183929443359375, 0.5715270996093751, JogDin
1.378125, -1.03359375, 9.783251953125001, 0.0861328125, -0.064599609375, 0.6114532470703126, JogDin
-4.249218750000001, 15.910644531250002, 13.65205078125, -0.26557617187500004, 0.9944152832031251, 0.853253173828125, JogDin
19.6, 19.6, 10.534521484375, 1.225, 1.225, 0.6584075927734375, JogDin
-2.6509765625000004, 0.31103515625, 10.166064453125001, -0.16568603515625002, 0.019439697265625, 0.6353790283203126, JogDin
-3.33525390625, 0.16987304687500002, 8.323779296875001, -0.208453369140625, 0.010617065429687501, 0.5202362060546876, JogDin
-4.787548828125001, 14.070751953125, 13.12568359375, -0.29922180175781254, 0.8794219970703125, 0.820355224609375, JogDin
19.6, -14.640185546875001, 17.472998046875002, 1.225, -0.9150115966796876, 1.0920623779296876, JogDin
-3.3137207031250004, 0.24404296875, 9.845458984375, -0.20710754394531253, 0.015252685546875, 0.6153411865234375, JogDin
-2.9859375000000004, -0.02392578125, 13.350585937500002, -0.18662109375000002, -0.001495361328125, 0.8344116210937501, JogDin
-0.3349609375, 11.151806640625, 19.599401855468752, -0.02093505859375, 0.6969879150390625, 1.224962615966797, JogDin
-15.140234375, -0.7512695312500001, 5.09619140625, -0.9462646484375, -0.046954345703125004, 0.318511962890625, JogDin
-1.73701171875, 1.1580078125000002, 13.503710937500001, -0.108563232421875, 0.07237548828125001, 0.8439819335937501, JogDin
-0.404345703125, 0.0478515625, 7.299755859375001, -0.0252716064453125, 0.00299072265625, 0.45623474121093754, JogDin
-7.77109375, 11.003466796875001, 19.599401855468752, -0.485693359375, 0.6877166748046876, 1.224962615966797, JogDin
-11.7140625, 3.418994140625, 8.53193359375, -0.73212890625, 0.2136871337890625, 0.533245849609375, JogDin
19.599401855468752, -19.544970703125003, -4.2157226562500005, 1.224962615966797, -1.2215606689453127, -0.26348266601562503, JogDin
-1.0742675781250002, 0.095703125, 10.955615234375001, -0.06714172363281251, 0.0059814453125, 0.6847259521484376, JogDin
-8.29267578125, -0.452197265625, 14.934472656250001, -0.518292236328125, -0.0282623291015625, 0.9334045410156251, JogDin
-7.7208496093750005, -8.503222656250001, 13.886523437500001, -0.48255310058593753, -0.5314514160156251, 0.8679077148437501, JogDin
19.6, -8.6611328125, 19.6, 1.225, -0.54132080078125, 1.225, JogDin
-2.0839355468750003, 0.9426757812500001, 9.410009765625, -0.13024597167968752, 0.058917236328125004, 0.5881256103515625, JogDin
-14.491845703125001, -16.276708984375002, 4.9287109375, -0.9057403564453126, -1.0172943115234376, 0.30804443359375, JogDin
-3.0529296875000003, 8.831005859375, 16.925097656250003, -0.19080810546875002, 0.5519378662109375, 1.0578186035156252, JogDin
19.6, -17.953906250000003, 13.601806640625002, 1.225, -1.1221191406250002, 0.8501129150390626, JogDin
-2.03369140625, 0.236865234375, 9.63251953125, -0.127105712890625, 0.0148040771484375, 0.602032470703125, JogDin
-8.347705078125001, -0.36845703125, 19.597607421875, -0.5217315673828126, -0.023028564453125, 1.2248504638671875, JogDin
-5.562744140625, 14.726318359375002, 19.599401855468752, -0.3476715087890625, 0.9203948974609376, 1.224962615966797, JogDin
19.6, 3.0936035156250004, 6.9001953125, 1.225, 0.19335021972656252, 0.43126220703125, JogDin
-15.089990234375001, 2.0360839843750003, 18.918115234375, -0.9431243896484376, 0.12725524902343752, 1.1823822021484376, JogDin
3.21083984375, 1.1699707031250002, 8.759228515625, 0.200677490234375, 0.07312316894531251, 0.5474517822265625, JogDin
-7.6729980468750005, 0.088525390625, 14.867480468750001, -0.47956237792968753, 0.0055328369140625, 0.9292175292968751, JogDin
-11.76669921875, -0.5909667968750001, 9.840673828125, -0.735418701171875, -0.036935424804687506, 0.6150421142578125, JogDin
19.6, 4.9, 19.599401855468752, 1.225, 0.30625, 1.224962615966797, JogDin
-2.2514160156250003, 0.9020019531250001, 8.897998046875001, -0.14071350097656252, 0.056375122070312506, 0.5561248779296876, JogDin
-2.7083984375, -1.7178710937500001, 10.9005859375, -0.16927490234375, -0.10736694335937501, 0.68128662109375, JogDin
-7.26865234375, -1.2058593750000002, 14.140136718750002, -0.454290771484375, -0.07536621093750001, 0.8837585449218751, JogDin
19.6, 19.6, -6.3810058593750005, 1.225, 1.225, -0.39881286621093753, JogDin
-2.241845703125, 0.5072265625000001, 8.953027343750001, -0.1401153564453125, 0.031701660156250006, 0.5595642089843751, JogDin
-8.905175781250001, 0.839794921875, 14.652148437500001, -0.5565734863281251, 0.0524871826171875, 0.9157592773437501, JogDin
-3.83291015625, 12.460546875, 17.932373046875, -0.239556884765625, 0.7787841796875, 1.1207733154296875, JogDin
19.6, 9.627734375000001, -1.3829101562500001, 1.225, 0.6017333984375001, -0.08643188476562501, JogDin
-5.660839843750001, -0.9546386718750001, 9.792822265625, -0.35380249023437504, -0.059664916992187504, 0.6120513916015625, JogDin
-1.25849609375, -0.3541015625, 10.223486328125, -0.078656005859375, -0.02213134765625, 0.6389678955078125, JogDin
-7.826123046875001, 6.2494140625000005, 18.7482421875, -0.48913269042968754, 0.39058837890625003, 1.17176513671875, JogDin
-11.81455078125, 8.563037109375001, 10.082324218750001, -0.738409423828125, 0.5351898193359376, 0.6301452636718751, JogDin
19.6, -3.5224731445312503, 19.599401855468752, 1.225, -0.22015457153320314, 1.224962615966797, JogDin
-2.0839355468750003, 1.1795410156250001, 9.022412109375, -0.13024597167968752, 0.07372131347656251, 0.5639007568359375, JogDin
-5.514892578125, -0.899609375, 14.989501953125002, -0.3446807861328125, -0.0562255859375, 0.9368438720703126, JogDin
-10.668505859375001, 2.0241210937500003, 5.158398437500001, -0.6667816162109376, 0.12650756835937502, 0.32239990234375004, JogDin
19.6, 19.6, -15.271826171875, 1.225, 1.225, -0.9544891357421875, JogDin
-2.4476074218750004, 1.10537109375, 9.25927734375, -0.15297546386718752, 0.069085693359375, 0.578704833984375, JogDin
0.8493652343750001, -6.3690429687500005, 3.438134765625, 0.05308532714843751, -0.39806518554687503, 0.2148834228515625, JogDin
-0.332568359375, 2.9979003906250004, 7.448095703125, -0.0207855224609375, 0.18736877441406252, 0.4655059814453125, JogDin
19.6, 19.6, 16.807861328125, 1.225, 1.225, 1.0504913330078125, JogDin
-2.816064453125, 0.9259277343750001, 9.668408203125, -0.1760040283203125, 0.057870483398437506, 0.6042755126953125, JogDin
-0.074169921875, -0.8661132812500001, 8.505615234375, -0.0046356201171875, -0.054132080078125006, 0.5316009521484375, JogDin
-10.835986328125001, 6.067578125000001, 12.020312500000001, -0.6772491455078126, 0.37922363281250004, 0.7512695312500001, JogDin
-4.895214843750001, -2.5744140625000003, 11.197265625, -0.30595092773437504, -0.16090087890625002, 0.6998291015625, JogDin
13.7525390625, -16.137939453125, 10.847949218750001, 0.85953369140625, -1.0086212158203125, 0.6779968261718751, JogDin
-3.653466796875, 1.428369140625, 9.055908203125, -0.2283416748046875, 0.0892730712890625, 0.5659942626953125, JogDin
-8.474511718750001, 5.079443359375, 17.86298828125, -0.5296569824218751, 0.3174652099609375, 1.116436767578125, JogDin
-7.5318359375, -2.2514160156250003, 9.912451171875, -0.47073974609375, -0.14071350097656252, 0.6195281982421875, JogDin
19.6, 19.6, 19.6, 1.225, 1.225, 1.225, JogDin
-2.4834960937500004, 1.0503417968750002, 9.247314453125, -0.15521850585937502, 0.06564636230468751, 0.5779571533203125, JogDin
-1.3829101562500001, 0.8828613281250001, 17.616552734375002, -0.08643188476562501, 0.055178833007812504, 1.1010345458984376, JogDin
-12.826611328125, -0.21054687500000002, 9.15400390625, -0.8016632080078125, -0.013159179687500001, 0.572125244140625, JogDin
19.6, -19.296142578125, -17.444287109375, 1.225, -1.2060089111328125, -1.0902679443359375, JogDin
-2.079150390625, 1.2895996093750002, 8.900390625, -0.1299468994140625, 0.08059997558593751, 0.5562744140625, JogDin
-9.048730468750001, 0.052636718750000006, 18.0783203125, -0.5655456542968751, 0.0032897949218750003, 1.12989501953125, JogDin
19.6, 19.599401855468752, -1.0981933593750002, 1.225, 1.224962615966797, -0.06863708496093751, JogDin
19.6, 19.6, 19.6, 1.225, 1.225, 1.225, JogDin
-2.8304199218750004, 0.32539062500000004, 8.4888671875, -0.17690124511718752, 0.020336914062500003, 0.53055419921875, JogDin
-6.964794921875001, 1.8087890625, 12.45576171875, -0.43529968261718754, 0.11304931640625, 0.778485107421875, JogDin
19.6, 19.599401855468752, 6.916943359375001, 1.225, 1.224962615966797, 0.43230895996093754, JogDin
19.6, -15.843652343750001, 19.6, 1.225, -0.9902282714843751, 1.225, JogDin
-0.557470703125, 1.7083007812500002, 9.041552734375001, -0.0348419189453125, 0.10676879882812501, 0.5650970458984376, JogDin
-9.953125, 19.6, 2.667724609375, -0.6220703125, 1.225, 0.1667327880859375, JogDin
-9.862207031250001, 19.599401855468752, 16.673876953125003, -0.6163879394531251, 1.224962615966797, 1.0421173095703127, JogDin
19.6, -11.797802734375, 17.7529296875, 1.225, -0.7373626708984375, 1.10955810546875, JogDin
-1.691552734375, 0.260791015625, 9.740185546875, -0.1057220458984375, 0.0162994384765625, 0.6087615966796875, JogDin
-5.612988281250001, -0.8254394531250001, 10.333544921875001, -0.35081176757812504, -0.05158996582031251, 0.6458465576171876, JogDin
-9.256884765625001, 14.65693359375, 18.537695312500002, -0.5785552978515626, 0.916058349609375, 1.1586059570312501, JogDin
19.6, -2.3279785156250004, 19.599401855468752, 1.225, -0.14549865722656252, 1.224962615966797, JogDin
-2.8304199218750004, -2.086328125, 11.927001953125, -0.17690124511718752, -0.1303955078125, 0.7454376220703125, JogDin
0.318212890625, 2.5145996093750003, 12.970166015625, 0.0198883056640625, 0.15716247558593752, 0.8106353759765625, JogDin
-7.381103515625001, 14.374609375, 19.599401855468752, -0.46131896972656256, 0.8984130859375, 1.224962615966797, JogDin
19.6, 7.515087890625001, 4.6822753906250005, 1.225, 0.46969299316406254, 0.29264221191406253, JogDin
-4.15830078125, -7.486376953125, 19.599401855468752, -0.259893798828125, -0.4678985595703125, 1.224962615966797, JogDin
-0.36845703125, -1.437939453125, 8.065380859375, -0.023028564453125, -0.0898712158203125, 0.5040863037109375, JogDin
-5.660839843750001, 9.479394531250001, 17.3126953125, -0.35380249023437504, 0.5924621582031251, 1.08204345703125, JogDin
-17.906054687500003, 19.29315185546875, 15.740771484375001, -1.1191284179687502, 1.2058219909667969, 0.9837982177734376, JogDin
19.6, 19.6, -4.746875, 1.225, 1.225, -0.2966796875, JogDin
-2.73232421875, 1.5025390625000001, 10.077539062500001, -0.170770263671875, 0.09390869140625001, 0.6298461914062501, JogDin
-8.046240234375, 3.131884765625, 17.592626953125002, -0.5028900146484375, 0.1957427978515625, 1.0995391845703126, JogDin
-18.855908203125, 12.472509765625, 6.529345703125, -1.1784942626953125, 0.7795318603515625, 0.4080841064453125, JogDin
19.6, -15.336425781250002, -13.733398437500002, 1.225, -0.9585266113281251, -0.8583374023437501, JogDin
-2.7825683593750004, 1.24892578125, 9.02001953125, -0.17391052246093752, 0.078057861328125, 0.563751220703125, JogDin
3.8305175781250003, -6.948046875, 19.599401855468752, 0.23940734863281252, -0.4342529296875, 1.224962615966797, JogDin
-10.084716796875, 7.988818359375, 8.766406250000001, -0.6302947998046875, 0.4993011474609375, 0.5479003906250001, JogDin
19.6, 19.6, -8.582177734375001, 1.225, 1.225, -0.5363861083984376, JogDin
-1.8997070312500002, 1.91884765625, 10.261767578125001, -0.11873168945312501, 0.119927978515625, 0.6413604736328126, JogDin
19.6, -8.299853515625001, 19.599401855468752, 1.225, -0.5187408447265626, 1.224962615966797, JogDin
-7.3380371093750005, 6.9001953125, 7.68974609375, -0.45862731933593753, 0.43126220703125, 0.480609130859375, JogDin
19.6, 19.6, -10.943652343750001, 1.225, 1.225, -0.6839782714843751, JogDin
-3.1103515625000004, 1.11494140625, 9.1109375, -0.19439697265625003, 0.069683837890625, 0.56943359375, JogDin
-1.4546875000000001, -2.385400390625, 2.763427734375, -0.09091796875000001, -0.1490875244140625, 0.1727142333984375, JogDin
-6.223095703125001, 11.694921875, 14.362646484375, -0.38894348144531254, 0.7309326171875, 0.8976654052734375, JogDin
19.6, 19.6, -2.500244140625, 1.225, 1.225, -0.1562652587890625, JogDin
-2.868701171875, 0.31582031250000003, 9.240136718750001, -0.1792938232421875, 0.019738769531250002, 0.5775085449218751, JogDin
-8.491259765625001, -1.5145019531250001, 19.599401855468752, -0.5307037353515626, -0.09465637207031251, 1.224962615966797, JogDin
-3.3615722656250004, 13.427148437500001, 19.599401855468752, -0.21009826660156253, 0.8391967773437501, 1.224962615966797, JogDin
19.6, -1.91884765625, 14.168847656250001, 1.225, -0.119927978515625, 0.8855529785156251, JogDin
-2.5265625000000003, 1.0431640625, 10.113427734375001, -0.15791015625000002, 0.06519775390625, 0.6320892333984376, JogDin
-7.77109375, 0.41152343750000003, 19.599401855468752, -0.485693359375, 0.025720214843750002, 1.224962615966797, JogDin
-3.629541015625, 17.389257812500002, 19.599401855468752, -0.2268463134765625, 1.0868286132812501, 1.224962615966797, JogDin
19.6, 1.58388671875, 3.8951171875000004, 1.225, 0.098992919921875, 0.24344482421875002, JogDin
-6.232666015625001, -1.2656738281250002, 11.879150390625, -0.38954162597656256, -0.07910461425781251, 0.7424468994140625, JogDin
0.26318359375, -0.784765625, 10.364648437500001, 0.016448974609375, -0.0490478515625, 0.6477905273437501, JogDin
-7.299755859375001, 15.716845703125001, 19.599401855468752, -0.45623474121093754, 0.9823028564453126, 1.224962615966797, JogDin
-17.630908203125003, 9.3310546875, 6.711181640625001, -1.1019317626953127, 0.58319091796875, 0.41944885253906256, JogDin
6.481494140625, 19.599401855468752, -11.97724609375, 0.4050933837890625, 1.224962615966797, -0.748577880859375, JogDin
0.765625, 1.26806640625, 10.831201171875001, 0.0478515625, 0.079254150390625, 0.6769500732421876, JogDin
-4.73251953125, 10.967578125000001, 16.977734375, -0.295782470703125, 0.6854736328125001, 1.0611083984375, JogDin
-11.242724609375001, -4.615283203125, 3.71806640625, -0.7026702880859376, -0.2884552001953125, 0.232379150390625, JogDin
-15.372314453125002, 2.270556640625, -17.676367187500002, -0.9607696533203126, 0.1419097900390625, -1.1047729492187501, JogDin
-2.481103515625, 0.5311523437500001, 9.103759765625, -0.1550689697265625, 0.033197021484375006, 0.5689849853515625, JogDin
-3.1462402343750004, 0.16987304687500002, 9.146826171875, -0.19664001464843753, 0.010617065429687501, 0.5716766357421875, JogDin
1.856640625, 19.6, 19.599401855468752, 0.1160400390625, 1.225, 1.224962615966797, JogDin
-18.791308593750003, -9.01044921875, -7.92900390625, -1.1744567871093752, -0.563153076171875, -0.495562744140625, JogDin
-2.667724609375, 1.069482421875, 9.27841796875, -0.1667327880859375, 0.0668426513671875, 0.579901123046875, JogDin
0.37324218750000004, -1.5168945312500002, 8.5654296875, 0.023327636718750003, -0.09480590820312501, 0.53533935546875, JogDin
-3.81376953125, 1.485791015625, 7.598828125000001, -0.238360595703125, 0.0928619384765625, 0.47492675781250004, JogDin
19.6, 19.6, -3.88076171875, 1.225, 1.225, -0.242547607421875, JogDin
-2.4547851562500003, 0.538330078125, 9.78564453125, -0.15342407226562502, 0.0336456298828125, 0.611602783203125, JogDin
7.26865234375, -6.244628906250001, -7.024609375000001, 0.454290771484375, -0.39028930664062506, -0.43903808593750004, JogDin
-12.58017578125, 10.85751953125, 10.369433593750001, -0.786260986328125, 0.678594970703125, 0.6480895996093751, JogDin
19.6, -8.17783203125, 19.599401855468752, 1.225, -0.511114501953125, 1.224962615966797, JogDin
-2.237060546875, 0.48330078125000003, 10.986718750000001, -0.1398162841796875, 0.030206298828125002, 0.6866699218750001, JogDin
-0.6148925781250001, 0.791943359375, 10.90537109375, -0.038430786132812506, 0.0494964599609375, 0.681585693359375, JogDin
-5.1296875, 5.390478515625, 17.793603515625, -0.32060546875, 0.3369049072265625, 1.1121002197265626, JogDin
19.6, -19.238720703125, 1.894921875, 1.225, -1.2024200439453125, 0.1184326171875, JogDin
-2.3471191406250003, 0.32060546875, 9.718652343750001, -0.14669494628906252, 0.020037841796875, 0.6074157714843751, JogDin
-10.412500000000001, 19.6, 19.599401855468752, -0.6507812500000001, 1.225, 1.224962615966797, JogDin
-6.170458984375, 17.013623046875, 18.130957031250002, -0.3856536865234375, 1.0633514404296875, 1.1331848144531251, JogDin
19.6, -14.372216796875001, 11.613574218750001, 1.225, -0.8982635498046876, 0.7258483886718751, JogDin
-1.1580078125000002, 1.2991699218750001, 8.79990234375, -0.07237548828125001, 0.08119812011718751, 0.549993896484375, JogDin
-10.082324218750001, -1.6843750000000002, 19.599401855468752, -0.6301452636718751, -0.10527343750000001, 1.224962615966797, JogDin
-5.7589355468750005, 13.82431640625, 16.063769531250003, -0.35993347167968753, 0.864019775390625, 1.0039855957031252, JogDin
19.6, 11.214013671875001, 11.345605468750001, 1.225, 0.7008758544921876, 0.7091003417968751, JogDin
-13.778857421875001, -5.15361328125, 19.599401855468752, -0.8611785888671876, -0.322100830078125, 1.224962615966797, JogDin
-3.5123046875000004, 1.7657226562500001, 12.81943359375, -0.21951904296875002, 0.11035766601562501, 0.801214599609375, JogDin
-7.1227050781250005, 13.7716796875, 19.599401855468752, -0.44516906738281253, 0.86072998046875, 1.224962615966797, JogDin
-18.420458984375003, 8.622851562500001, 14.374609375, -1.1512786865234377, 0.5389282226562501, 0.8984130859375, JogDin
19.599401855468752, -7.419384765625001, 19.509082031250003, 1.224962615966797, -0.46371154785156254, 1.2193176269531252, JogDin
-1.280029296875, 0.868505859375, 8.000781250000001, -0.0800018310546875, 0.0542816162109375, 0.5000488281250001, JogDin
-5.7828613281250005, 2.0360839843750003, 19.20283203125, -0.36142883300781253, 0.12725524902343752, 1.200177001953125, JogDin
-11.132666015625, -9.965087890625, 12.228466796875, -0.6957916259765625, -0.6228179931640625, 0.7642791748046875, JogDin
-18.63818359375, -13.611376953125001, 15.18330078125, -1.164886474609375, -0.8507110595703126, 0.948956298828125, JogDin
-1.7944335937500002, 0.9809570312500001, 8.548681640625, -0.11215209960937501, 0.06130981445312501, 0.5342926025390625, JogDin
-5.644091796875, 1.21064453125, 12.687841796875, -0.3527557373046875, 0.075665283203125, 0.7929901123046875, JogDin
-3.485986328125, -13.113720703125, 14.2310546875, -0.2178741455078125, -0.8196075439453125, 0.88944091796875, JogDin
19.6, -14.9966796875, -11.69970703125, 1.225, -0.93729248046875, -0.731231689453125, JogDin
-2.8304199218750004, 0.839794921875, 9.283203125, -0.17690124511718752, 0.0524871826171875, 0.5802001953125, JogDin
-13.721435546875002, -10.146923828125, -3.9262207031250003, -0.8575897216796876, -0.6341827392578125, -0.24538879394531252, JogDin
-3.4812011718750004, 4.620068359375001, 10.271337890625, -0.21757507324218753, 0.28875427246093754, 0.6419586181640625, JogDin
19.6, 19.6, -14.391357421875002, 1.225, 1.225, -0.8994598388671876, JogDin
-2.3447265625, 0.66513671875, 9.328662109375001, -0.14654541015625, 0.041571044921875, 0.5830413818359376, JogDin
19.6, -5.5196777343750005, 19.599401855468752, 1.225, -0.34497985839843753, 1.224962615966797, JogDin
-6.2494140625000005, 6.651367187500001, 10.508203125000001, -0.39058837890625003, 0.41571044921875006, 0.6567626953125001, JogDin
19.6, 19.6, 0.32539062500000004, 1.225, 1.225, 0.020336914062500003, JogDin
-2.0719726562500003, 0.839794921875, 9.048730468750001, -0.12949829101562502, 0.0524871826171875, 0.5655456542968751, JogDin
-6.146533203125, 1.01923828125, 8.07734375, -0.3841583251953125, 0.063702392578125, 0.504833984375, JogDin
-4.1319824218750005, 16.231250000000003, 19.446276855468753, -0.25824890136718753, 1.0144531250000002, 1.215392303466797, JogDin
19.6, -3.7443847656250004, 7.082031250000001, 1.225, -0.23402404785156253, 0.44262695312500006, JogDin
-2.691650390625, -0.8182617187500001, 10.752246093750001, -0.1682281494140625, -0.051141357421875006, 0.6720153808593751, JogDin
0.07895507812500001, 0.16987304687500002, 10.754638671875, 0.0049346923828125005, 0.010617065429687501, 0.6721649169921875, JogDin
-5.34501953125, 17.150000000000002, 19.599401855468752, -0.334063720703125, 1.0718750000000001, 1.224962615966797, JogDin
19.6, 9.668408203125, 1.1915039062500001, 1.225, 0.6042755126953125, 0.07446899414062501, JogDin
-4.471728515625, -1.39248046875, 14.120996093750001, -0.2794830322265625, -0.087030029296875, 0.8825622558593751, JogDin
-0.016748046875000002, 0.033496093750000004, 7.8285156250000005, -0.0010467529296875001, 0.0020935058593750003, 0.48928222656250003, JogDin
-4.265966796875, 19.599401855468752, 10.687646484375001, -0.2666229248046875, 1.224962615966797, 0.6679779052734376, JogDin
19.6, 19.599401855468752, 4.648779296875, 1.225, 1.224962615966797, 0.2905487060546875, JogDin
-6.495849609375001, -0.58857421875, 7.414599609375, -0.40599060058593756, -0.036785888671875, 0.4634124755859375, JogDin
-2.0887207031250004, 1.63173828125, 8.759228515625, -0.13054504394531252, 0.101983642578125, 0.5474517822265625, JogDin
-10.357470703125001, -6.043652343750001, 9.687548828125001, -0.6473419189453126, -0.37772827148437504, 0.6054718017578126, JogDin
-7.859619140625001, 19.599401855468752, 11.273828125000001, -0.49122619628906256, 1.224962615966797, 0.7046142578125001, JogDin
19.6, -16.023095703125, 0.49287109375000004, 1.225, -1.0014434814453126, 0.030804443359375003, JogDin
-2.20595703125, 0.212939453125, 9.20185546875, -0.137872314453125, 0.0133087158203125, 0.575115966796875, JogDin
-8.328564453125, 0.5191894531250001, 15.286181640625001, -0.5205352783203125, 0.032449340820312506, 0.9553863525390626, JogDin
-4.414306640625, 11.369531250000001, 17.812744140625, -0.2758941650390625, 0.7105957031250001, 1.1132965087890625, JogDin
19.6, -3.57451171875, 10.989111328125, 1.225, -0.223406982421875, 0.6868194580078125, JogDin
-1.3972656250000002, 1.44033203125, 10.056005859375, -0.08732910156250001, 0.090020751953125, 0.6285003662109375, JogDin
1.9332031250000001, 0.153125, 13.312304687500001, 0.12082519531250001, 0.0095703125, 0.8320190429687501, JogDin
-6.553271484375, 19.0736328125, 19.599401855468752, -0.4095794677734375, 1.19210205078125, 1.224962615966797, JogDin
19.6, 3.773095703125, 2.8256347656250003, 1.225, 0.2358184814453125, 0.17660217285156252, JogDin
-5.361767578125001, 0.25361328125000004, 11.084814453125, -0.33511047363281254, 0.015850830078125003, 0.6928009033203125, JogDin
0.6125, 1.208251953125, 7.476806640625001, 0.03828125, 0.0755157470703125, 0.46730041503906256, JogDin
-5.3641601562500005, 19.599401855468752, 19.599401855468752, -0.33526000976562503, 1.224962615966797, 1.224962615966797, JogDin
-19.1310546875, 1.5551757812500002, 6.371435546875, -1.19569091796875, 0.09719848632812501, 0.3982147216796875, JogDin
-10.572802734375001, -0.765625, 16.614062500000003, -0.6608001708984376, -0.0478515625, 1.0383789062500002, JogDin
-0.9689941406250001, 1.2752441406250001, 8.881250000000001, -0.06056213378906251, 0.07970275878906251, 0.5550781250000001, JogDin
-8.984130859375, 13.855419921875, 19.599401855468752, -0.5615081787109375, 0.8659637451171875, 1.224962615966797, JogDin
-13.355371093750001, 2.5361328125, 13.3888671875, -0.8347106933593751, 0.15850830078125, 0.83680419921875, JogDin
19.599401855468752, 19.6, -9.077441406250001, 1.224962615966797, 1.225, -0.5673400878906251, JogDin
-0.9618164062500001, 1.59345703125, 9.78564453125, -0.060113525390625006, 0.099591064453125, 0.611602783203125, JogDin
-5.804394531250001, 2.2562011718750004, 19.351171875000002, -0.36277465820312504, 0.14101257324218752, 1.2094482421875001, JogDin
-13.453466796875, 8.63720703125, 9.433935546875, -0.8408416748046875, 0.539825439453125, 0.5896209716796875, JogDin
19.6, 19.6, 19.599401855468752, 1.225, 1.225, 1.224962615966797, JogDin
-1.7178710937500001, 1.3470214843750001, 10.170849609375, -0.10736694335937501, 0.08418884277343751, 0.6356781005859375, JogDin
-5.9048828125, -2.8232421875, 15.367529296875, -0.36905517578125, -0.17645263671875, 0.9604705810546875, JogDin
-10.204345703125, 1.9140625000000002, 9.577490234375, -0.6377716064453125, 0.11962890625000001, 0.5985931396484375, JogDin
19.6, 19.6, -13.163964843750001, 1.225, 1.225, -0.8227478027343751, JogDin
-2.5074218750000004, 1.2776367187500002, 8.835791015625, -0.15671386718750002, 0.07985229492187501, 0.5522369384765625, JogDin
-7.483984375, -0.8972167968750001, 19.599401855468752, -0.4677490234375, -0.05607604980468751, 1.224962615966797, JogDin
-8.275927734375001, 10.59912109375, 10.759423828125001, -0.5172454833984376, 0.662445068359375, 0.6724639892578126, JogDin
19.6, -7.8524414062500005, -1.4642578125, 1.225, -0.49077758789062503, -0.09151611328125, JogDin
-2.887841796875, 3.2921875000000003, 10.221093750000001, -0.1804901123046875, 0.20576171875000002, 0.6388183593750001, JogDin
-2.0241210937500003, 1.079052734375, 9.091796875, -0.12650756835937502, 0.0674407958984375, 0.5682373046875, JogDin
-3.1582031250000004, 0.600537109375, 9.539208984375001, -0.19738769531250003, 0.0375335693359375, 0.5962005615234376, JogDin
-7.113134765625, -0.57421875, 17.90126953125, -0.4445709228515625, -0.035888671875, 1.118829345703125, JogDin
-3.8783691406250003, 19.599401855468752, 15.42255859375, -0.24239807128906252, 1.224962615966797, 0.963909912109375, JogDin
19.6, -1.208251953125, 6.0819335937500005, 1.225, -0.0755157470703125, 0.38012084960937503, JogDin
-1.930810546875, -0.461767578125, 7.2901855468750005, -0.1206756591796875, -0.0288604736328125, 0.45563659667968753, JogDin
-0.47133789062500003, 2.146142578125, 8.931494140625, -0.029458618164062502, 0.1341339111328125, 0.5582183837890625, JogDin
-9.730615234375001, 19.599401855468752, 19.599401855468752, -0.6081634521484376, 1.224962615966797, 1.224962615966797, JogDin
-18.193164062500003, 6.491064453125, 4.297070312500001, -1.1370727539062502, 0.4056915283203125, 0.26856689453125004, JogDin
18.312792968750003, 13.312304687500001, -0.48330078125000003, 1.1445495605468752, 0.8320190429687501, -0.030206298828125002, JogDin
-0.85654296875, 1.2417480468750002, 8.883642578125, -0.053533935546875, 0.07760925292968751, 0.5552276611328125, JogDin
-7.718457031250001, 6.419287109375, 19.599401855468752, -0.48240356445312504, 0.4012054443359375, 1.224962615966797, JogDin
-10.31201171875, 2.5193847656250004, 11.869580078125, -0.644500732421875, 0.15746154785156252, 0.7418487548828125, JogDin
19.599401855468752, -13.20224609375, 16.46572265625, 1.224962615966797, -0.825140380859375, 1.029107666015625, JogDin
-1.894921875, 1.3709472656250001, 9.558349609375, -0.1184326171875, 0.08568420410156251, 0.5973968505859375, JogDin
19.6, 19.599401855468752, 19.482763671875002, 1.225, 1.224962615966797, 1.2176727294921876, JogDin
-1.68916015625, 2.4476074218750004, 8.551074218750001, -0.105572509765625, 0.15297546386718752, 0.5344421386718751, JogDin
19.6, -19.590429687500002, 19.599401855468752, 1.225, -1.2244018554687501, 1.224962615966797, JogDin
-7.424169921875, 14.17841796875, 9.216210937500001, -0.4640106201171875, 0.886151123046875, 0.5760131835937501, JogDin
19.6, 19.6, 9.077441406250001, 1.225, 1.225, 0.5673400878906251, JogDin
-3.4764160156250004, 1.581494140625, 9.436328125000001, -0.21727600097656252, 0.0988433837890625, 0.5897705078125001, JogDin
-3.4596679687500003, 4.0123535156250005, 17.482568359375, -0.21622924804687502, 0.25077209472656253, 1.0926605224609376, JogDin
-1.629345703125, 11.07763671875, 15.659423828125002, -0.1018341064453125, 0.692352294921875, 0.9787139892578126, JogDin
19.6, -2.73232421875, 16.374804687500003, 1.225, -0.170770263671875, 1.0234252929687502, JogDin
-2.380615234375, 1.8279296875000002, 9.242529296875, -0.1487884521484375, 0.11424560546875001, 0.5776580810546875, JogDin
1.9236328125000002, 1.3494140625000002, 12.192578125, 0.12022705078125001, 0.08433837890625001, 0.7620361328125, JogDin
-3.414208984375, 19.599401855468752, 16.757617187500003, -0.2133880615234375, 1.224962615966797, 1.0473510742187502, JogDin
19.6, 9.323876953125001, 8.05341796875, 1.225, 0.5827423095703126, 0.503338623046875, JogDin
-5.684765625000001, -1.05751953125, 12.453369140625002, -0.35529785156250004, -0.066094970703125, 0.7783355712890626, JogDin
0.90439453125, 1.117333984375, 8.328564453125, 0.056524658203125, 0.0698333740234375, 0.5205352783203125, JogDin
-10.041650390625001, 16.29345703125, 19.599401855468752, -0.6276031494140626, 1.018341064453125, 1.224962615966797, JogDin
-14.08271484375, 2.485888671875, 12.271533203125001, -0.880169677734375, 0.1553680419921875, 0.7669708251953126, JogDin
-0.7105957031250001, -6.735107421875001, 19.6, -0.044412231445312506, -0.42094421386718756, 1.225, JogDin
-1.667626953125, 1.619775390625, 9.768896484375, -0.1042266845703125, 0.1012359619140625, 0.6105560302734375, JogDin
-5.2564941406250005, 1.7298339843750001, 15.145019531250002, -0.32853088378906253, 0.10811462402343751, 0.9465637207031251, JogDin
-14.683251953125001, 9.563134765625001, 8.522363281250001, -0.9177032470703126, 0.5976959228515626, 0.5326477050781251, JogDin
19.6, -11.630322265625, -19.219580078125002, 1.225, -0.7268951416015625, -1.2012237548828126, JogDin
-2.4428222656250003, 1.225, 9.060693359375001, -0.15267639160156252, 0.0765625, 0.5662933349609376, JogDin
-1.4810058593750002, -11.659033203125, 19.599401855468752, -0.09256286621093751, -0.7286895751953125, 1.224962615966797, JogDin
-13.726220703125001, 14.987109375000001, 6.4288574218750005, -0.8578887939453126, 0.9366943359375001, 0.40180358886718753, JogDin
19.6, 19.6, -8.692236328125, 1.225, 1.225, -0.5432647705078125, JogDin
-2.1365722656250004, 1.01923828125, 8.988916015625001, -0.13353576660156252, 0.063702392578125, 0.5618072509765626, JogDin
-4.974169921875, 0.69384765625, 11.36474609375, -0.3108856201171875, 0.043365478515625, 0.710296630859375, JogDin
-5.342626953125, 12.88642578125, 17.726611328125003, -0.3339141845703125, 0.805401611328125, 1.1079132080078127, JogDin
19.6, -13.642480468750001, 7.0509277343750005, 1.225, -0.8526550292968751, 0.44068298339843753, JogDin
-1.7513671875, -0.46416015625, 10.345507812500001, -0.10946044921875, -0.029010009765625, 0.6465942382812501, JogDin
2.002587890625, -1.184326171875, 15.061279296875002, 0.1251617431640625, -0.0740203857421875, 0.9413299560546876, JogDin
-5.1009765625000005, 19.296142578125, 19.599401855468752, -0.31881103515625003, 1.2060089111328125, 1.224962615966797, JogDin
19.6, 4.256396484375, 0.768017578125, 1.225, 0.2660247802734375, 0.0480010986328125, JogDin
10.31201171875, 9.20185546875, 19.599401855468752, 0.644500732421875, 0.575115966796875, 1.224962615966797, JogDin
-1.619775390625, 0.9020019531250001, 10.469921875, -0.1012359619140625, 0.056375122070312506, 0.6543701171875, JogDin
-3.0720703125, -6.5484863281250005, 16.910742187500002, -0.19200439453125, -0.40928039550781253, 1.0569213867187501, JogDin
-8.01513671875, 13.886523437500001, 7.249511718750001, -0.500946044921875, 0.8679077148437501, 0.45309448242187506, JogDin
19.6, 19.6, 3.9357910156250004, 1.225, 1.225, 0.24598693847656253, JogDin
-2.8806640625, 0.634033203125, 9.419580078125001, -0.18004150390625, 0.0396270751953125, 0.5887237548828126, JogDin
-4.548291015625001, 0.23925781250000003, 11.553759765625001, -0.28426818847656254, 0.014953613281250002, 0.7221099853515626, JogDin
-1.83271484375, 14.099462890625, 17.51845703125, -0.114544677734375, 0.8812164306640625, 1.094903564453125, JogDin
19.6, -6.725537109375001, 13.07783203125, 1.225, -0.42034606933593754, 0.817364501953125, JogDin
-2.1724609375000004, 0.17465820312500002, 9.204248046875001, -0.13577880859375002, 0.010916137695312501, 0.5752655029296876, JogDin
1.064697265625, 0.20336914062500003, 8.280712890625, 0.0665435791015625, 0.012710571289062502, 0.5175445556640625, JogDin
-3.1677734375, 13.520458984375, 19.599401855468752, -0.19798583984375, 0.8450286865234375, 1.224962615966797, JogDin
-5.5077148437500005, -8.390771484375001, 17.606982421875003, -0.34423217773437503, -0.5244232177734376, 1.1004364013671877, JogDin
0.916357421875, -5.969482421875, 2.10546875, 0.0572723388671875, -0.3730926513671875, 0.131591796875, JogDin
-1.4905761718750001, -0.26557617187500004, 11.24033203125, -0.09316101074218751, -0.016598510742187503, 0.702520751953125, JogDin
-12.187792968750001, 9.749755859375, 16.760009765625, -0.7617370605468751, 0.6093597412109375, 1.0475006103515625, JogDin
-10.37900390625, -1.7130859375, 6.9791503906250005, -0.648687744140625, -0.10706787109375, 0.43619689941406253, JogDin
19.506689453125002, -0.605322265625, 12.575390625, 1.2191680908203126, -0.0378326416015625, 0.7859619140625, JogDin
-1.1962890625, 1.1221191406250002, 8.766406250000001, -0.07476806640625, 0.07013244628906251, 0.5479003906250001, JogDin
-7.07724609375, -3.3137207031250004, 19.599401855468752, -0.442327880859375, -0.20710754394531253, 1.224962615966797, JogDin
-8.610888671875001, 0.44262695312500006, 10.68525390625, -0.5381805419921876, 0.027664184570312503, 0.667828369140625, JogDin
-18.7578125, -16.209716796875, 19.6, -1.17236328125, -1.0131072998046875, 1.225, JogDin
-3.8041992187500004, 0.5455078125, 8.285498046875, -0.23776245117187503, 0.03409423828125, 0.5178436279296875, JogDin
-7.919433593750001, -8.921923828125001, 6.050830078125, -0.49496459960937506, -0.5576202392578126, 0.3781768798828125, JogDin
-2.768212890625, 1.040771484375, 15.824511718750001, -0.1730133056640625, 0.0650482177734375, 0.9890319824218751, JogDin
19.6, 19.6, -8.409912109375, 1.225, 1.225, -0.5256195068359375, JogDin
-2.3590820312500003, 0.7871582031250001, 9.27841796875, -0.14744262695312502, 0.049197387695312504, 0.579901123046875, JogDin
-4.572216796875001, 1.0383789062500002, 14.843554687500001, -0.28576354980468754, 0.06489868164062501, 0.9277221679687501, JogDin
-2.8328125, 19.468408203125, 17.13564453125, -0.17705078125, 1.2167755126953126, 1.070977783203125, JogDin
19.6, -6.9911132812500005, 10.9962890625, 1.225, -0.43694458007812503, 0.68726806640625, JogDin
-0.7704101562500001, 0.47373046875, 9.603808593750001, -0.048150634765625006, 0.029608154296875, 0.6002380371093751, JogDin
-1.5432128906250002, 0.77998046875, 8.381201171875, -0.09645080566406251, 0.048748779296875, 0.5238250732421875, JogDin
-7.249511718750001, 19.599401855468752, 19.599401855468752, -0.45309448242187506, 1.224962615966797, 1.224962615966797, JogDin
19.6, 18.44677734375, 7.969677734375001, 1.225, 1.152923583984375, 0.49810485839843754, JogDin
19.6, 11.778662109375, 6.842773437500001, 1.225, 0.7361663818359375, 0.42767333984375006, JogDin
-2.189208984375, 1.21064453125, 9.015234375, -0.1368255615234375, 0.075665283203125, 0.5634521484375, JogDin
-8.022314453125, -7.342822265625, 8.429052734375, -0.5013946533203125, -0.4589263916015625, 0.5268157958984375, JogDin
-9.407617187500001, 15.106738281250001, 9.405224609375, -0.5879760742187501, 0.9441711425781251, 0.5878265380859375, JogDin
19.6, 19.6, 2.978759765625, 1.225, 1.225, 0.1861724853515625, JogDin
-1.5145019531250001, 1.476220703125, 9.065478515625001, -0.09465637207031251, 0.0922637939453125, 0.5665924072265626, JogDin
1.18671875, 0.82783203125, 12.857714843750001, 0.074169921875, 0.051739501953125, 0.8036071777343751, JogDin
-9.244921875000001, 16.231250000000003, 15.32685546875, -0.5778076171875001, 1.0144531250000002, 0.957928466796875, JogDin
-16.654736328125, 9.400439453125001, 2.672509765625, -1.0409210205078125, 0.5875274658203126, 0.1670318603515625, JogDin
-4.105664062500001, -3.825732421875, 14.180810546875001, -0.25660400390625004, -0.2391082763671875, 0.8863006591796876, JogDin
-2.8543457031250004, 1.184326171875, 8.046240234375, -0.17839660644531252, 0.0740203857421875, 0.5028900146484375, JogDin
-7.9002929687500005, 13.29794921875, 19.372705078125, -0.49376831054687503, 0.831121826171875, 1.2107940673828126, JogDin
-12.462939453125001, 8.441015625, 9.764111328125, -0.7789337158203126, 0.5275634765625, 0.6102569580078125, JogDin
2.9213378906250003, 18.384570312500003, 6.952832031250001, 0.18258361816406252, 1.1490356445312502, 0.43455200195312504, JogDin
-0.37563476562500003, 0.9666015625000001, 10.290478515625, -0.023477172851562502, 0.060412597656250004, 0.6431549072265625, JogDin
-8.079736328125001, 2.63662109375, 19.458837890625002, -0.5049835205078126, 0.164788818359375, 1.2161773681640626, JogDin
-9.4267578125, 2.749072265625, 7.3380371093750005, -0.58917236328125, 0.1718170166015625, 0.45862731933593753, JogDin
18.25537109375, 19.599401855468752, 1.39248046875, 1.140960693359375, 1.224962615966797, 0.087030029296875, JogDin
-2.332763671875, 1.1077636718750001, 8.902783203125, -0.1457977294921875, 0.06923522949218751, 0.5564239501953125, JogDin
19.6, -6.8954101562500005, 19.599401855468752, 1.225, -0.43096313476562503, 1.224962615966797, JogDin
-5.455078125, -0.6029296875000001, 6.49345703125, -0.3409423828125, -0.037683105468750006, 0.405841064453125, JogDin
19.6, 19.6, -15.872363281250001, 1.225, 1.225, -0.9920227050781251, JogDin
-2.672509765625, 1.4810058593750002, 8.043847656250001, -0.1670318603515625, 0.09256286621093751, 0.5027404785156251, JogDin
0.389990234375, 0.7345214843750001, 3.9333984375, 0.0243743896484375, 0.045907592773437506, 0.24583740234375, JogDin
-3.2299804687500004, 3.502734375, 9.60859375, -0.20187377929687503, 0.2189208984375, 0.600537109375, JogDin
19.6, 19.6, -15.04453125, 1.225, 1.225, -0.940283203125, JogDin
-2.48828125, 1.5216796875, 9.244921875000001, -0.155517578125, 0.09510498046875, 0.5778076171875001, JogDin
-6.12021484375, 2.76103515625, 6.658544921875, -0.382513427734375, 0.172564697265625, 0.4161590576171875, JogDin
-3.8400878906250004, 13.070654296875, 15.32685546875, -0.24000549316406253, 0.8169158935546875, 0.957928466796875, JogDin
19.6, 19.6, 14.113818359375001, 1.225, 1.225, 0.8821136474609376, JogDin
-3.1582031250000004, -0.055029296875, 9.292773437500001, -0.19738769531250003, -0.0034393310546875, 0.5807983398437501, JogDin
-1.7465820312500002, 19.6, 13.532421875, -0.10916137695312501, 1.225, 0.8457763671875, JogDin
1.557568359375, -6.342724609375001, 18.339111328125, 0.0973480224609375, -0.39642028808593754, 1.1461944580078125, JogDin
-8.089306640625, -10.056005859375, 7.455273437500001, -0.5055816650390625, -0.6285003662109375, 0.46595458984375004, JogDin
-2.8017089843750003, 0.20336914062500003, 9.261669921875, -0.17510681152343752, 0.012710571289062502, 0.5788543701171875, JogDin
-1.512109375, -0.184228515625, 9.311914062500001, -0.0945068359375, -0.0115142822265625, 0.5819946289062501, JogDin
-10.800097656250001, 12.826611328125, 19.599401855468752, -0.6750061035156251, 0.8016632080078125, 1.224962615966797, JogDin
19.6, 14.018115234375001, 5.1296875, 1.225, 0.8761322021484376, 0.32060546875, JogDin
19.599401855468752, -1.9379882812500002, 4.584179687500001, 1.224962615966797, -0.12112426757812501, 0.28651123046875004, JogDin
-1.88056640625, 1.605419921875, 9.216210937500001, -0.117535400390625, 0.1003387451171875, 0.5760131835937501, JogDin
-5.1009765625000005, -2.883056640625, 2.9811523437500003, -0.31881103515625003, -0.1801910400390625, 0.18632202148437502, JogDin
-3.2969726562500004, -3.0816406250000004, 3.6319335937500004, -0.20606079101562502, -0.19260253906250002, 0.22699584960937502, JogDin
19.6, 19.6, -15.537402343750001, 1.225, 1.225, -0.9710876464843751, JogDin
-2.260986328125, 1.4666503906250001, 9.03916015625, -0.1413116455078125, 0.09166564941406251, 0.564947509765625, JogDin
-7.000683593750001, -0.8302246093750001, 10.39814453125, -0.43754272460937504, -0.051889038085937506, 0.649884033203125, JogDin
-6.065185546875, 13.5611328125, 10.778564453125, -0.3790740966796875, 0.84757080078125, 0.6736602783203125, JogDin
19.6, 19.6, 10.5177734375, 1.225, 1.225, 0.65736083984375, JogDin
-1.0000976562500001, 2.3997558593750004, 9.567919921875001, -0.06250610351562501, 0.14998474121093752, 0.5979949951171876, JogDin
0.088525390625, 0.38520507812500004, 9.29755859375, 0.0055328369140625, 0.024075317382812503, 0.581097412109375, JogDin
-9.266455078125, 18.26015625, 19.599401855468752, -0.5791534423828125, 1.141259765625, 1.224962615966797, JogDin
-19.39423828125, 10.893408203125, 7.4576660156250005, -1.212139892578125, 0.6808380126953125, 0.46610412597656253, JogDin
-5.6512695312500005, -0.9546386718750001, 12.496435546875, -0.35320434570312503, -0.059664916992187504, 0.7810272216796875, JogDin
-1.67958984375, 0.9785644531250001, 9.890917968750001, -0.104974365234375, 0.061160278320312504, 0.6181823730468751, JogDin
-9.096582031250001, -2.648583984375, 19.599401855468752, -0.5685363769531251, -0.1655364990234375, 1.224962615966797, JogDin
-11.656640625000001, 3.28740234375, 9.45068359375, -0.7285400390625001, 0.205462646484375, 0.590667724609375, JogDin
-16.81025390625, 19.599401855468752, 19.6, -1.050640869140625, 1.224962615966797, 1.225, JogDin
-2.73232421875, 1.2345703125, 8.051025390625, -0.170770263671875, 0.07716064453125, 0.5031890869140625, JogDin
-5.900097656250001, -1.414013671875, 6.136962890625001, -0.36875610351562504, -0.0883758544921875, 0.38356018066406256, JogDin
-0.54072265625, -3.5170898437500004, 12.355273437500001, -0.033795166015625, -0.21981811523437503, 0.7722045898437501, JogDin
19.6, 19.6, 12.302636718750001, 1.225, 1.225, 0.7689147949218751, JogDin
-2.313623046875, 0.8493652343750001, 9.500927734375, -0.1446014404296875, 0.05308532714843751, 0.5938079833984375, JogDin
-1.97626953125, 0.90439453125, 9.256884765625001, -0.123516845703125, 0.056524658203125, 0.5785552978515626, JogDin
19.6, -2.0839355468750003, 19.599401855468752, 1.225, -0.13024597167968752, 1.224962615966797, JogDin
-8.945849609375001, 0.748876953125, 10.747460937500001, -0.5591156005859376, 0.0468048095703125, 0.6717163085937501, JogDin
19.599401855468752, 8.82861328125, -9.666015625, 1.224962615966797, 0.551788330078125, -0.6041259765625, JogDin
-2.457177734375, 1.2919921875, 9.060693359375001, -0.1535736083984375, 0.08074951171875, 0.5662933349609376, JogDin
-2.414111328125, 1.332666015625, 9.173144531250001, -0.1508819580078125, 0.0832916259765625, 0.5733215332031251, JogDin
-2.45, 1.351806640625, 8.89560546875, -0.153125, 0.0844879150390625, 0.555975341796875, JogDin
-2.3638671875000004, 1.428369140625, 9.125292968750001, -0.14774169921875002, 0.0892730712890625, 0.5703308105468751, JogDin
-2.3471191406250003, 1.2513183593750001, 8.905175781250001, -0.14669494628906252, 0.07820739746093751, 0.5565734863281251, JogDin
