0.0, 0.0, 0.0, 0.0, 0.0, 0, WalkDin
-4.34970703125, -0.586181640625, 6.211132812500001, -0.271856689453125, -0.0366363525390625, 0.38819580078125004, WalkDin
17.525634765625, 1.3853027343750002, 19.599401855468752, 1.0953521728515625, 0.08658142089843751, 1.224962615966797, WalkDin
-1.5862792968750001, 0.80869140625, 9.283203125, -0.09914245605468751, 0.050543212890625, 0.5802001953125, WalkDin
-1.9451660156250001, 0.87568359375, 9.237744140625, -0.12157287597656251, 0.054730224609375, 0.5773590087890625, WalkDin
-2.007373046875, 0.85654296875, 9.060693359375001, -0.1254608154296875, 0.053533935546875, 0.5662933349609376, WalkDin
-0.80869140625, 1.9044921875, 8.921923828125001, -0.050543212890625, 0.11903076171875, 0.5576202392578126, WalkDin
-1.091015625, 0.7345214843750001, 9.8765625, -0.0681884765625, 0.045907592773437506, 0.61728515625, WalkDin
-15.027783203125, -4.009960937500001, 17.48017578125, -0.9392364501953125, -0.25062255859375004, 1.092510986328125, WalkDin
-4.24443359375, 0.7751953125000001, 12.4318359375, -0.265277099609375, 0.048449707031250004, 0.77698974609375, WalkDin
-1.4905761718750001, 1.040771484375, 9.218603515625, -0.09316101074218751, 0.0650482177734375, 0.5761627197265625, WalkDin
-1.916455078125, 0.77998046875, 9.204248046875001, -0.1197784423828125, 0.048748779296875, 0.5752655029296876, WalkDin
-2.079150390625, 0.9020019531250001, 9.627734375000001, -0.1299468994140625, 0.056375122070312506, 0.6017333984375001, WalkDin
0.8589355468750001, 5.589062500000001, 3.9860351562500003, 0.053683471679687504, 0.34931640625000004, 0.24912719726562502, WalkDin
-10.082324218750001, 5.6560546875, 13.037158203125001, -0.6301452636718751, 0.35350341796875, 0.8148223876953126, WalkDin
1.495361328125, -8.749658203125001, -1.428369140625, 0.0934600830078125, -0.5468536376953126, -0.0892730712890625, WalkDin
-1.5767089843750002, 0.8062988281250001, 9.065478515625001, -0.09854431152343751, 0.050393676757812506, 0.5665924072265626, WalkDin
-1.8901367187500002, 0.8302246093750001, 9.271240234375, -0.11813354492187501, 0.051889038085937506, 0.5794525146484375, WalkDin
-1.7920410156250002, 0.71298828125, 9.630126953125, -0.11200256347656251, 0.044561767578125, 0.6018829345703125, WalkDin
-0.11005859375, 6.88583984375, 11.745166015625001, -0.006878662109375, 0.430364990234375, 0.7340728759765626, WalkDin
-8.572607421875, -2.56962890625, 14.317187500000001, -0.5357879638671875, -0.160601806640625, 0.8948242187500001, WalkDin
4.8138671875000005, 1.7059082031250001, 18.22127685546875, 0.30086669921875003, 0.10661926269531251, 1.138829803466797, WalkDin
-2.007373046875, 0.9785644531250001, 9.046337890625, -0.1254608154296875, 0.061160278320312504, 0.5653961181640625, WalkDin
-2.37822265625, 0.9378906250000001, 8.933886718750001, -0.148638916015625, 0.058618164062500006, 0.5583679199218751, WalkDin
-2.7107910156250004, 1.342236328125, 7.455273437500001, -0.16942443847656252, 0.0838897705078125, 0.46595458984375004, WalkDin
-0.8780761718750001, 6.5604492187500005, 7.007861328125, -0.054879760742187506, 0.41002807617187503, 0.4379913330078125, WalkDin
-19.099951171875002, 10.31201171875, 16.805468750000003, -1.1937469482421876, 0.644500732421875, 1.0503417968750002, WalkDin
-1.5599609375, 0.43305664062500004, 15.257470703125001, -0.09749755859375, 0.027066040039062503, 0.9535919189453126, WalkDin
-1.9260253906250002, 1.1795410156250001, 9.161181640625001, -0.12037658691406251, 0.07372131347656251, 0.5725738525390626, WalkDin
-2.03369140625, 1.256103515625, 9.204248046875001, -0.127105712890625, 0.0785064697265625, 0.5752655029296876, WalkDin
1.5886718750000002, 0.11484375000000001, 6.85234375, 0.09929199218750001, 0.0071777343750000005, 0.428271484375, WalkDin
-8.216113281250001, 5.0818359375, 8.0103515625, -0.5135070800781251, 0.31761474609375, 0.50064697265625, WalkDin
19.6, 19.6, 19.6, 1.225, 1.225, 1.225, WalkDin
-2.0576171875, 0.634033203125, 9.3693359375, -0.12860107421875, 0.0396270751953125, 0.58558349609375, WalkDin
-1.9954101562500002, 1.1795410156250001, 8.888427734375, -0.12471313476562501, 0.07372131347656251, 0.5555267333984375, WalkDin
-2.4787109375000003, 1.17236328125, 9.3310546875, -0.15491943359375002, 0.073272705078125, 0.58319091796875, WalkDin
2.4547851562500003, 9.8095703125, 19.477978515625, 0.15342407226562502, 0.61309814453125, 1.2173736572265625, WalkDin
-8.68505859375, -0.3828125, 12.307421875000001, -0.542816162109375, -0.02392578125, 0.7692138671875001, WalkDin
1.5384277343750001, 10.457958984375, -0.8780761718750001, 0.09615173339843751, 0.6536224365234375, -0.054879760742187506, WalkDin
-1.31591796875, 0.7871582031250001, 9.486572265625, -0.082244873046875, 0.049197387695312504, 0.5929107666015625, WalkDin
-1.5408203125000002, 0.9809570312500001, 9.165966796875, -0.09630126953125001, 0.06130981445312501, 0.5728729248046875, WalkDin
-2.055224609375, 0.9546386718750001, 9.283203125, -0.1284515380859375, 0.059664916992187504, 0.5802001953125, WalkDin
9.8095703125, 6.866699218750001, 19.599401855468752, 0.61309814453125, 0.42916870117187506, 1.224962615966797, WalkDin
-7.299755859375001, -5.988623046875, 11.2642578125, -0.45623474121093754, -0.3742889404296875, 0.70401611328125, WalkDin
-8.979345703125, 19.599401855468752, 19.599401855468752, -0.5612091064453125, 1.224962615966797, 1.224962615966797, WalkDin
-1.63173828125, 0.839794921875, 9.371728515625001, -0.101983642578125, 0.0524871826171875, 0.5857330322265626, WalkDin
-1.7441894531250002, 0.8469726562500001, 9.335839843750001, -0.10901184082031251, 0.052935791015625004, 0.5834899902343751, WalkDin
-2.15810546875, 0.9091796875000001, 9.240136718750001, -0.134881591796875, 0.05682373046875001, 0.5775085449218751, WalkDin
-2.4188964843750003, 10.3072265625, 19.599401855468752, -0.15118103027343752, 0.64420166015625, 1.224962615966797, WalkDin
-7.201660156250001, -3.43095703125, 13.506103515625002, -0.45010375976562506, -0.214434814453125, 0.8441314697265626, WalkDin
9.161181640625001, 19.599401855468752, -2.581591796875, 0.5725738525390626, 1.224962615966797, -0.1613494873046875, WalkDin
-1.6963378906250002, 1.0048828125, 9.333447265625, -0.10602111816406251, 0.06280517578125, 0.5833404541015625, WalkDin
-1.820751953125, 1.2919921875, 9.276025390625001, -0.1137969970703125, 0.08074951171875, 0.5797515869140626, WalkDin
-2.49306640625, 0.8374023437500001, 9.132470703125001, -0.155816650390625, 0.05233764648437501, 0.5707794189453126, WalkDin
1.7226562500000002, 5.7230468750000005, 7.4265625, 0.10766601562500001, 0.35769042968750003, 0.46416015625, WalkDin
-9.055908203125, 1.0383789062500002, 14.989501953125002, -0.5659942626953125, 0.06489868164062501, 0.9368438720703126, WalkDin
-5.294775390625, 2.337548828125, -5.749365234375, -0.3309234619140625, 0.1460968017578125, -0.3593353271484375, WalkDin
-1.3876953125, 0.9618164062500001, 9.314306640625, -0.08673095703125, 0.060113525390625006, 0.5821441650390625, WalkDin
-1.8375000000000001, 0.940283203125, 9.335839843750001, -0.11484375000000001, 0.0587677001953125, 0.5834899902343751, WalkDin
-2.380615234375, 0.940283203125, 9.218603515625, -0.1487884521484375, 0.0587677001953125, 0.5761627197265625, WalkDin
5.151220703125, 8.938671875, 16.745654296875003, 0.3219512939453125, 0.5586669921875, 1.0466033935546877, WalkDin
-6.9958984375, -1.9116699218750002, 13.644873046875, -0.43724365234375, -0.11947937011718751, 0.8528045654296875, WalkDin
3.4572753906250004, 16.257568359375, 12.561035156250002, 0.21607971191406253, 1.0160980224609375, 0.7850646972656251, WalkDin
-1.533642578125, 0.8900390625000001, 9.287988281250001, -0.0958526611328125, 0.055627441406250006, 0.5804992675781251, WalkDin
-1.7513671875, 1.1197265625000001, 9.309521484375, -0.10946044921875, 0.06998291015625001, 0.5818450927734375, WalkDin
-2.021728515625, 1.3589843750000001, 9.204248046875001, -0.1263580322265625, 0.08493652343750001, 0.5752655029296876, WalkDin
7.079638671875, 6.639404296875001, 19.0736328125, 0.4424774169921875, 0.41496276855468756, 1.19210205078125, WalkDin
-6.546093750000001, -3.0050781250000003, 11.386279296875001, -0.40913085937500004, -0.18781738281250002, 0.7116424560546876, WalkDin
-14.39375, 2.7299316406250003, 19.599401855468752, -0.899609375, 0.17062072753906252, 1.224962615966797, WalkDin
-1.7920410156250002, 1.052734375, 9.24970703125, -0.11200256347656251, 0.0657958984375, 0.578106689453125, WalkDin
-1.6963378906250002, 1.1699707031250002, 9.165966796875, -0.10602111816406251, 0.07312316894531251, 0.5728729248046875, WalkDin
-1.964306640625, 1.2513183593750001, 9.27841796875, -0.1227691650390625, 0.07820739746093751, 0.579901123046875, WalkDin
4.773193359375, -0.050244140625, -0.52158203125, 0.2983245849609375, -0.0031402587890625, -0.032598876953125, WalkDin
-5.715869140625, -1.964306640625, 9.209033203125001, -0.3572418212890625, -0.1227691650390625, 0.5755645751953126, WalkDin
19.6, -19.15498046875, 19.6, 1.225, -1.197186279296875, 1.225, WalkDin
-1.667626953125, 1.0981933593750002, 9.053515625000001, -0.1042266845703125, 0.06863708496093751, 0.5658447265625001, WalkDin
-1.571923828125, 1.091015625, 9.103759765625, -0.0982452392578125, 0.0681884765625, 0.5689849853515625, WalkDin
-2.15810546875, 1.15322265625, 8.881250000000001, -0.134881591796875, 0.072076416015625, 0.5550781250000001, WalkDin
0.772802734375, 3.6750000000000003, 19.599401855468752, 0.0483001708984375, 0.22968750000000002, 1.224962615966797, WalkDin
-2.99072265625, 1.01923828125, 10.240234375, -0.186920166015625, 0.063702392578125, 0.6400146484375, WalkDin
19.6, -3.438134765625, -0.8326171875, 1.225, -0.2148834228515625, -0.05203857421875, WalkDin
-4.1798339843750005, 2.1126464843750004, 12.55146484375, -0.26123962402343753, 0.13204040527343752, 0.784466552734375, WalkDin
-1.6939453125000001, 1.112548828125, 9.218603515625, -0.10587158203125001, 0.0695343017578125, 0.5761627197265625, WalkDin
-1.7106933593750002, 1.2273925781250001, 9.168359375000001, -0.10691833496093751, 0.07671203613281251, 0.5730224609375001, WalkDin
-2.6342285156250003, 0.562255859375, 8.653955078125001, -0.16463928222656252, 0.0351409912109375, 0.5408721923828126, WalkDin
0.7823730468750001, 5.9742675781250005, 5.979052734375, 0.048898315429687506, 0.37339172363281253, 0.3736907958984375, WalkDin
-8.70419921875, 3.9597167968750004, 13.104150390625001, -0.544012451171875, 0.24748229980468753, 0.8190093994140626, WalkDin
-0.9259277343750001, 19.599401855468752, 14.027685546875, -0.057870483398437506, 1.224962615966797, 0.8767303466796875, WalkDin
-1.73701171875, 0.36367187500000003, 9.16357421875, -0.108563232421875, 0.022729492187500002, 0.572723388671875, WalkDin
-1.9619140625000002, 0.9020019531250001, 9.319091796875, -0.12261962890625001, 0.056375122070312506, 0.5824432373046875, WalkDin
-2.1533203125, 0.696240234375, 9.199462890625, -0.13458251953125, 0.0435150146484375, 0.5749664306640625, WalkDin
1.0000976562500001, 3.198876953125, 1.0240234375000001, 0.06250610351562501, 0.1999298095703125, 0.06400146484375001, WalkDin
-6.88583984375, -3.0744628906250004, 7.64189453125, -0.430364990234375, -0.19215393066406253, 0.477618408203125, WalkDin
19.6, -3.4716308593750003, -1.6700195312500001, 1.225, -0.21697692871093752, -0.10437622070312501, WalkDin
-1.4570800781250002, 1.2154296875000001, 9.228173828125001, -0.09106750488281251, 0.07596435546875001, 0.5767608642578126, WalkDin
-1.7609375, 0.9905273437500001, 9.096582031250001, -0.11005859375, 0.061907958984375004, 0.5685363769531251, WalkDin
-1.787255859375, 1.088623046875, 9.108544921875001, -0.1117034912109375, 0.0680389404296875, 0.5692840576171876, WalkDin
-1.82314453125, 1.2872070312500001, 9.295166015625, -0.113946533203125, 0.08045043945312501, 0.5809478759765625, WalkDin
-9.558349609375, -6.505419921875, 3.2610839843750004, -0.5973968505859375, -0.4065887451171875, 0.20381774902343752, WalkDin
-3.9357910156250004, 3.3376464843750004, 8.385986328125, -0.24598693847656253, 0.20860290527343753, 0.5241241455078125, WalkDin
-17.774462890625003, -2.0528320312500004, 19.599401855468752, -1.1109039306640627, -0.12830200195312502, 1.224962615966797, WalkDin
-0.44501953125000004, -1.6078125, 8.357275390625, -0.027813720703125003, -0.10048828125, 0.5223297119140625, WalkDin
-1.6604492187500002, 1.0862304687500002, 9.144433593750001, -0.10377807617187501, 0.06788940429687501, 0.5715270996093751, WalkDin
-2.619873046875, 1.2632812500000001, 10.704394531250001, -0.1637420654296875, 0.07895507812500001, 0.6690246582031251, WalkDin
-3.390283203125, 1.0264160156250002, 8.46015625, -0.2118927001953125, 0.06415100097656251, 0.528759765625, WalkDin
-0.8302246093750001, 6.041259765625, 10.178027343750001, -0.051889038085937506, 0.3775787353515625, 0.6361267089843751, WalkDin
-9.242529296875, 6.7087890625, 15.956103515625001, -0.5776580810546875, 0.41929931640625, 0.9972564697265626, WalkDin
-0.1435546875, -11.635107421875, -3.1486328125000003, -0.00897216796875, -0.7271942138671875, -0.19678955078125002, WalkDin
-1.500146484375, 1.1962890625, 8.838183593750001, -0.0937591552734375, 0.07476806640625, 0.5523864746093751, WalkDin
-1.715478515625, 0.863720703125, 9.118115234375, -0.1072174072265625, 0.0539825439453125, 0.5698822021484375, WalkDin
-3.174951171875, 0.21533203125000003, 8.335742187500001, -0.1984344482421875, 0.013458251953125002, 0.5209838867187501, WalkDin
2.6222656250000003, 5.1392578125, 9.25927734375, 0.16389160156250002, 0.32120361328125, 0.578704833984375, WalkDin
-10.501025390625001, 5.86181640625, 17.7912109375, -0.6563140869140626, 0.366363525390625, 1.11195068359375, WalkDin
-15.556542968750001, -17.4466796875, 19.599401855468752, -0.9722839355468751, -1.09041748046875, 1.224962615966797, WalkDin
-1.665234375, 1.1316894531250001, 8.91953125, -0.1040771484375, 0.07073059082031251, 0.557470703125, WalkDin
-2.079150390625, 0.9809570312500001, 9.122900390625, -0.1299468994140625, 0.06130981445312501, 0.5701812744140625, WalkDin
-3.0218261718750004, 1.244140625, 7.543798828125, -0.18886413574218752, 0.0777587890625, 0.4714874267578125, WalkDin
-0.016748046875000002, 5.031591796875, 13.934375000000001, -0.0010467529296875001, 0.3144744873046875, 0.8708984375000001, WalkDin
-15.441699218750001, 2.61748046875, 19.599401855468752, -0.9651062011718751, 0.163592529296875, 1.224962615966797, WalkDin
19.6, 19.599401855468752, 19.599401855468752, 1.225, 1.224962615966797, 1.224962615966797, WalkDin
-1.6700195312500001, 1.0120605468750001, 9.276025390625001, -0.10437622070312501, 0.06325378417968751, 0.5797515869140626, WalkDin
-1.882958984375, 0.988134765625, 9.127685546875, -0.1176849365234375, 0.0617584228515625, 0.5704803466796875, WalkDin
-2.68447265625, 1.8518554687500002, 8.252001953125001, -0.167779541015625, 0.11574096679687501, 0.5157501220703126, WalkDin
0.784765625, 1.8757812500000002, 10.443603515625, 0.0490478515625, 0.11723632812500001, 0.6527252197265625, WalkDin
-15.78623046875, 6.615478515625001, 19.599401855468752, -0.986639404296875, 0.41346740722656256, 1.224962615966797, WalkDin
-4.78037109375, -13.532421875, 19.599401855468752, -0.298773193359375, -0.8457763671875, 1.224962615966797, WalkDin
-0.299072265625, 10.465136718750001, 12.821826171875001, -0.0186920166015625, 0.6540710449218751, 0.8013641357421876, WalkDin
-6.5963378906250005, -3.23955078125, 12.927099609375, -0.41227111816406253, -0.202471923828125, 0.8079437255859375, WalkDin
-17.501708984375, -6.821240234375001, 12.537109375000002, -1.0938568115234375, -0.42632751464843754, 0.7835693359375001, WalkDin
-2.0241210937500003, 0.672314453125, 9.558349609375, -0.12650756835937502, 0.0420196533203125, 0.5973968505859375, WalkDin
-2.0767578125000004, 0.9977050781250001, 9.295166015625, -0.12979736328125002, 0.062356567382812506, 0.5809478759765625, WalkDin
-2.141357421875, 1.0048828125, 9.395654296875001, -0.1338348388671875, 0.06280517578125, 0.5872283935546876, WalkDin
-0.52158203125, 3.4453125000000004, 19.599401855468752, -0.032598876953125, 0.21533203125000003, 1.224962615966797, WalkDin
-6.672900390625, 0.8972167968750001, 12.28828125, -0.4170562744140625, 0.05607604980468751, 0.768017578125, WalkDin
2.385400390625, -9.3310546875, 17.2552734375, 0.1490875244140625, -0.58319091796875, 1.07845458984375, WalkDin
-1.59345703125, 1.174755859375, 9.2353515625, -0.099591064453125, 0.0734222412109375, 0.57720947265625, WalkDin
-1.9475585937500002, 1.2537109375000002, 9.103759765625, -0.12172241210937501, 0.07835693359375001, 0.5689849853515625, WalkDin
-2.5145996093750003, 1.437939453125, 9.034375, -0.15716247558593752, 0.0898712158203125, 0.5646484375, WalkDin
4.488476562500001, 9.137255859375001, 19.599401855468752, 0.28052978515625004, 0.5710784912109376, 1.224962615966797, WalkDin
-5.421582031250001, -3.3496093750000004, 14.099462890625, -0.33884887695312504, -0.20935058593750003, 0.8812164306640625, WalkDin
6.2135253906250005, 19.599401855468752, -7.352392578125, 0.38834533691406253, 1.224962615966797, -0.4595245361328125, WalkDin
-1.4451171875000002, 0.629248046875, 9.125292968750001, -0.09031982421875001, 0.0393280029296875, 0.5703308105468751, WalkDin
-1.9092773437500001, 0.6220703125, 9.292773437500001, -0.11932983398437501, 0.03887939453125, 0.5807983398437501, WalkDin
-2.41650390625, 0.39477539062500006, 9.6373046875, -0.151031494140625, 0.024673461914062503, 0.60233154296875, WalkDin
-1.12451171875, 7.5772949218750005, 7.6371093750000005, -0.070281982421875, 0.47358093261718753, 0.47731933593750003, WalkDin
-7.862011718750001, -1.77529296875, 14.915332031250001, -0.49137573242187504, -0.110955810546875, 0.9322082519531251, WalkDin
5.014843750000001, 10.778564453125, 5.624951171875001, 0.31342773437500004, 0.6736602783203125, 0.35155944824218754, WalkDin
-1.380517578125, 0.7273437500000001, 9.192285156250001, -0.0862823486328125, 0.045458984375000004, 0.5745178222656251, WalkDin
-1.7537597656250001, 0.844580078125, 9.1875, -0.10960998535156251, 0.0527862548828125, 0.57421875, WalkDin
-2.56484375, 0.772802734375, 9.457861328125, -0.160302734375, 0.0483001708984375, 0.5911163330078125, WalkDin
1.1221191406250002, 6.251806640625, 8.838183593750001, 0.07013244628906251, 0.3907379150390625, 0.5523864746093751, WalkDin
-11.103955078125, 6.50302734375, 16.731298828125002, -0.6939971923828125, 0.406439208984375, 1.0457061767578126, WalkDin
19.6, 9.333447265625, 19.599401855468752, 1.225, 0.5833404541015625, 1.224962615966797, WalkDin
-1.3374511718750002, 0.9809570312500001, 8.91953125, -0.08359069824218751, 0.06130981445312501, 0.557470703125, WalkDin
-1.7609375, 1.102978515625, 9.30234375, -0.11005859375, 0.0689361572265625, 0.581396484375, WalkDin
-2.73232421875, 0.76083984375, 9.405224609375, -0.170770263671875, 0.047552490234375, 0.5878265380859375, WalkDin
1.6508789062500002, 5.971875000000001, 10.122998046875, 0.10317993164062501, 0.37324218750000004, 0.6326873779296875, WalkDin
-10.943652343750001, 6.68486328125, 16.568603515625, -0.6839782714843751, 0.417803955078125, 1.0355377197265625, WalkDin
-11.2642578125, -13.924804687500002, 19.599401855468752, -0.70401611328125, -0.8703002929687501, 1.224962615966797, WalkDin
-1.643701171875, 0.8541503906250001, 9.328662109375001, -0.1027313232421875, 0.053384399414062506, 0.5830413818359376, WalkDin
-1.7705078125000002, 0.976171875, 9.290380859375, -0.11065673828125001, 0.0610107421875, 0.5806488037109375, WalkDin
-2.7706054687500004, 0.50244140625, 9.37890625, -0.17316284179687502, 0.031402587890625, 0.586181640625, WalkDin
2.835205078125, 7.347607421875001, 4.52197265625, 0.1772003173828125, 0.45922546386718754, 0.282623291015625, WalkDin
-10.362255859375, 3.0888183593750003, 15.123486328125, -0.6476409912109375, 0.19305114746093752, 0.9452178955078125, WalkDin
0.22490234375, -15.944140625000001, 3.7611328125, 0.014056396484375, -0.9965087890625001, 0.23507080078125, WalkDin
-1.8255371093750001, 1.0599121093750001, 8.97216796875, -0.11409606933593751, 0.06624450683593751, 0.560760498046875, WalkDin
-1.835107421875, 0.9689941406250001, 9.185107421875001, -0.1146942138671875, 0.06056213378906251, 0.5740692138671876, WalkDin
-0.131591796875, 2.1796386718750003, 9.73779296875, -0.0082244873046875, 0.13622741699218752, 0.608612060546875, WalkDin
-1.102978515625, 0.260791015625, 11.79541015625, -0.0689361572265625, 0.0162994384765625, 0.737213134765625, WalkDin
-12.857714843750001, -3.9716796875000004, 19.599401855468752, -0.8036071777343751, -0.24822998046875003, 1.224962615966797, WalkDin
-14.817236328125, 2.08154296875, 19.599401855468752, -0.9260772705078125, 0.130096435546875, 1.224962615966797, WalkDin
-1.835107421875, 0.935498046875, 9.338232421875, -0.1146942138671875, 0.0584686279296875, 0.5836395263671875, WalkDin
-3.892724609375, -0.64599609375, 2.9189453125, -0.2432952880859375, -0.040374755859375, 0.18243408203125, WalkDin
-0.389990234375, 0.80869140625, 9.740185546875, -0.0243743896484375, 0.050543212890625, 0.6087615966796875, WalkDin
-1.67958984375, 6.091503906250001, 11.517871093750001, -0.104974365234375, 0.38071899414062504, 0.7198669433593751, WalkDin
-13.922412109375001, 1.7561523437500002, 15.75751953125, -0.8701507568359376, 0.10975952148437501, 0.984844970703125, WalkDin
-10.735498046875001, 1.7585449218750002, 19.599401855468752, -0.6709686279296876, 0.10990905761718751, 1.224962615966797, WalkDin
-1.6149902343750002, 1.150830078125, 8.831005859375, -0.10093688964843751, 0.0719268798828125, 0.5519378662109375, WalkDin
-1.748974609375, 1.16279296875, 9.194677734375, -0.1093109130859375, 0.072674560546875, 0.5746673583984375, WalkDin
-3.490771484375, 1.428369140625, 8.275927734375001, -0.2181732177734375, 0.0892730712890625, 0.5172454833984376, WalkDin
0.9953125, 4.452587890625001, 10.06796875, 0.06220703125, 0.27828674316406254, 0.629248046875, WalkDin
-8.0103515625, -6.55087890625, 16.590136718750003, -0.50064697265625, -0.409429931640625, 1.0368835449218752, WalkDin
15.190478515625001, -10.20673828125, 19.599401855468752, 0.9494049072265626, -0.637921142578125, 1.224962615966797, WalkDin
-1.5910644531250002, 0.8493652343750001, 8.926708984375, -0.09944152832031251, 0.05308532714843751, 0.5579193115234375, WalkDin
-2.1317871093750003, 0.744091796875, 9.261669921875, -0.13323669433593752, 0.0465057373046875, 0.5788543701171875, WalkDin
-3.107958984375, 0.514404296875, 8.443408203125001, -0.1942474365234375, 0.0321502685546875, 0.5277130126953126, WalkDin
-2.51220703125, 9.740185546875, 2.959619140625, -0.157012939453125, 0.6087615966796875, 0.1849761962890625, WalkDin
-10.986718750000001, 3.0720703125, 13.350585937500002, -0.6866699218750001, 0.19200439453125, 0.8344116210937501, WalkDin
-7.823730468750001, -2.667724609375, 19.599401855468752, -0.48898315429687506, -0.1667327880859375, 1.224962615966797, WalkDin
-1.6484863281250002, 0.9474609375, 9.144433593750001, -0.10303039550781251, 0.05921630859375, 0.5715270996093751, WalkDin
-1.9834472656250002, 1.0024902343750002, 9.244921875000001, -0.12396545410156251, 0.06265563964843751, 0.5778076171875001, WalkDin
-3.6965332031250004, 1.2752441406250001, 9.01044921875, -0.23103332519531253, 0.07970275878906251, 0.563153076171875, WalkDin
1.7083007812500002, 8.953027343750001, 7.8165527343750005, 0.10676879882812501, 0.5595642089843751, 0.48853454589843753, WalkDin
-11.230761718750001, 7.1825195312500005, 14.869873046875002, -0.7019226074218751, 0.44890747070312503, 0.9293670654296876, WalkDin
-2.56005859375, 19.6, 19.599401855468752, -0.160003662109375, 1.225, 1.224962615966797, WalkDin
-1.68916015625, 1.2154296875000001, 9.156396484375001, -0.105572509765625, 0.07596435546875001, 0.5722747802734376, WalkDin
-2.0600097656250003, 1.01923828125, 9.240136718750001, -0.12875061035156252, 0.063702392578125, 0.5775085449218751, WalkDin
-3.43095703125, 0.5359375000000001, 9.130078125, -0.214434814453125, 0.033496093750000004, 0.5706298828125, WalkDin
1.512109375, 6.419287109375, 6.007763671875001, 0.0945068359375, 0.4012054443359375, 0.37548522949218754, WalkDin
-9.699511718750001, 3.7348144531250003, 14.49423828125, -0.6062194824218751, 0.23342590332031252, 0.905889892578125, WalkDin
-1.6867675781250002, -0.040673828125000006, -1.093408203125, -0.10542297363281251, -0.0025421142578125003, -0.0683380126953125, WalkDin
-1.9475585937500002, 1.12451171875, 9.204248046875001, -0.12172241210937501, 0.070281982421875, 0.5752655029296876, WalkDin
-2.3590820312500003, 0.9211425781250001, 8.7759765625, -0.14744262695312502, 0.05757141113281251, 0.54849853515625, WalkDin
-2.7777832031250003, 1.136474609375, 9.601416015625, -0.17361145019531252, 0.0710296630859375, 0.6000885009765625, WalkDin
3.892724609375, 5.6991210937500005, 8.567822265625, 0.2432952880859375, 0.35619506835937503, 0.5354888916015625, WalkDin
-13.982226562500001, 13.563525390625001, 13.226171875, -0.8738891601562501, 0.8477203369140626, 0.8266357421875, WalkDin
19.6, 19.599401855468752, 19.599401855468752, 1.225, 1.224962615966797, 1.224962615966797, WalkDin
-1.8757812500000002, 0.9929199218750001, 9.017626953125001, -0.11723632812500001, 0.06205749511718751, 0.5636016845703126, WalkDin
-2.0647949218750004, 1.064697265625, 9.060693359375001, -0.12904968261718752, 0.0665435791015625, 0.5662933349609376, WalkDin
-1.73701171875, 2.8184570312500004, 9.706689453125001, -0.108563232421875, 0.17615356445312502, 0.6066680908203126, WalkDin
-6.1417480468750005, 9.922021484375001, 9.462646484375, -0.38385925292968753, 0.6201263427734376, 0.5914154052734375, WalkDin
-10.9771484375, 9.429150390625, 9.309521484375, -0.68607177734375, 0.5893218994140625, 0.5818450927734375, WalkDin
19.5521484375, 19.6, -11.103955078125, 1.22200927734375, 1.225, -0.6939971923828125, WalkDin
-1.9260253906250002, 1.0479492187500001, 9.383691406250001, -0.12037658691406251, 0.06549682617187501, 0.5864807128906251, WalkDin
-2.2681640625000004, 1.0814453125, 9.151611328125, -0.14176025390625002, 0.06759033203125, 0.5719757080078125, WalkDin
-3.2443359375000003, 0.43544921875000003, 8.299853515625001, -0.20277099609375002, 0.027215576171875002, 0.5187408447265626, WalkDin
2.859130859375, -0.38759765625000003, 8.99130859375, 0.1786956787109375, -0.024224853515625002, 0.561956787109375, WalkDin
-10.560839843750001, 5.0291992187500005, 15.30771484375, -0.6600524902343751, 0.31432495117187503, 0.956732177734375, WalkDin
19.6, 4.8019042968750005, 19.599401855468752, 1.225, 0.30011901855468753, 1.224962615966797, WalkDin
-1.811181640625, 1.040771484375, 9.335839843750001, -0.1131988525390625, 0.0650482177734375, 0.5834899902343751, WalkDin
-2.021728515625, 0.8900390625000001, 9.03916015625, -0.1263580322265625, 0.055627441406250006, 0.564947509765625, WalkDin
-0.08134765625000001, -0.452197265625, 8.5654296875, -0.005084228515625001, -0.0282623291015625, 0.53533935546875, WalkDin
-2.404541015625, 5.77568359375, 11.73798828125, -0.1502838134765625, 0.360980224609375, 0.733624267578125, WalkDin
19.6, 0.026318359375000003, 19.599401855468752, 1.225, 0.0016448974609375002, 1.224962615966797, WalkDin
-4.189404296875001, -2.366259765625, 13.649658203125002, -0.26183776855468754, -0.1478912353515625, 0.8531036376953126, WalkDin
-2.0528320312500004, 0.6316406250000001, 9.142041015625, -0.12830200195312502, 0.039477539062500004, 0.5713775634765625, WalkDin
-2.2203125000000004, 0.69384765625, 9.103759765625, -0.13876953125000002, 0.043365478515625, 0.5689849853515625, WalkDin
19.6, 19.599401855468752, 19.599401855468752, 1.225, 1.224962615966797, 1.224962615966797, WalkDin
-5.505322265625001, -5.146435546875001, 10.8623046875, -0.34408264160156254, -0.32165222167968754, 0.67889404296875, WalkDin
19.6, 17.697900390625, 19.6, 1.225, 1.1061187744140626, 1.225, WalkDin
-2.82802734375, -0.9570312500000001, 9.59423828125, -0.176751708984375, -0.05981445312500001, 0.599639892578125, WalkDin
-1.95234375, 1.141259765625, 8.905175781250001, -0.122021484375, 0.0713287353515625, 0.5565734863281251, WalkDin
-2.009765625, 1.414013671875, 9.096582031250001, -0.1256103515625, 0.0883758544921875, 0.5685363769531251, WalkDin
-1.5025390625000001, 10.6134765625, 15.970458984375002, -0.09390869140625001, 0.66334228515625, 0.9981536865234376, WalkDin
-8.869287109375001, 2.64140625, 11.333642578125001, -0.5543304443359376, 0.165087890625, 0.7083526611328126, WalkDin
-3.514697265625, -16.0111328125, 19.599401855468752, -0.2196685791015625, -1.00069580078125, 1.224962615966797, WalkDin
-1.796826171875, 1.11494140625, 9.194677734375, -0.1123016357421875, 0.069683837890625, 0.5746673583984375, WalkDin
-2.0408691406250004, 0.899609375, 9.218603515625, -0.12755432128906252, 0.0562255859375, 0.5761627197265625, WalkDin
-2.318408203125, 1.052734375, 9.383691406250001, -0.1449005126953125, 0.0657958984375, 0.5864807128906251, WalkDin
-19.4755859375, 12.266748046875001, 19.599401855468752, -1.21722412109375, 0.7666717529296876, 1.224962615966797, WalkDin
-7.256689453125, 1.079052734375, 9.173144531250001, -0.4535430908203125, 0.0674407958984375, 0.5733215332031251, WalkDin
19.6, 19.6, 19.6, 1.225, 1.225, 1.225, WalkDin
-1.7513671875, 0.6268554687500001, 9.51767578125, -0.10946044921875, 0.039178466796875006, 0.594854736328125, WalkDin
-1.916455078125, 1.0623046875000002, 9.280810546875001, -0.1197784423828125, 0.06639404296875001, 0.5800506591796876, WalkDin
-2.11025390625, 0.887646484375, 9.199462890625, -0.131890869140625, 0.0554779052734375, 0.5749664306640625, WalkDin
19.6, 1.7824707031250002, 19.599401855468752, 1.225, 0.11140441894531251, 1.224962615966797, WalkDin
-6.089111328125, -5.242138671875001, 9.10615234375, -0.3805694580078125, -0.32763366699218754, 0.569134521484375, WalkDin
19.6, 19.6, 19.6, 1.225, 1.225, 1.225, WalkDin
-1.7059082031250001, 0.48330078125000003, 9.197070312500001, -0.10661926269531251, 0.030206298828125002, 0.5748168945312501, WalkDin
-1.1484375, 0.41870117187500006, 9.261669921875, -0.07177734375, 0.026168823242187503, 0.5788543701171875, WalkDin
-2.48828125, 0.6866699218750001, 9.060693359375001, -0.155517578125, 0.042916870117187506, 0.5662933349609376, WalkDin
19.6, 18.49462890625, 19.599401855468752, 1.225, 1.155914306640625, 1.224962615966797, WalkDin
-5.33544921875, -6.737500000000001, 12.087304687500001, -0.333465576171875, -0.42109375000000004, 0.7554565429687501, WalkDin
-12.285888671875002, -17.3509765625, 11.40302734375, -0.7678680419921876, -1.08443603515625, 0.712689208984375, WalkDin
-1.6843750000000002, 0.8350097656250001, 9.252099609375001, -0.10527343750000001, 0.052188110351562504, 0.5782562255859376, WalkDin
-2.021728515625, 1.0623046875000002, 9.4267578125, -0.1263580322265625, 0.06639404296875001, 0.58917236328125, WalkDin
-1.8853515625000001, 1.33984375, 9.20185546875, -0.11783447265625001, 0.083740234375, 0.575115966796875, WalkDin
9.759326171875001, 3.634326171875, 19.599401855468752, 0.6099578857421876, 0.2271453857421875, 1.224962615966797, WalkDin
-6.682470703125, -3.4405273437500004, 12.812255859375002, -0.4176544189453125, -0.21503295898437502, 0.8007659912109376, WalkDin
3.2299804687500004, 18.205126953125003, 19.468408203125, 0.20187377929687503, 1.1378204345703127, 1.2167755126953126, WalkDin
-1.64130859375, 0.796728515625, 9.113330078125001, -0.102581787109375, 0.0497955322265625, 0.5695831298828126, WalkDin
-2.150927734375, 1.0240234375000001, 9.213818359375, -0.1344329833984375, 0.06400146484375001, 0.5758636474609375, WalkDin
-2.3638671875000004, 0.97138671875, 9.366943359375, -0.14774169921875002, 0.060711669921875, 0.5854339599609375, WalkDin
8.81904296875, 6.605908203125001, 16.970556640625002, 0.551190185546875, 0.41286926269531254, 1.0606597900390626, WalkDin
-6.845166015625001, -4.7420898437500005, 11.8193359375, -0.42782287597656254, -0.29638061523437503, 0.73870849609375, WalkDin
19.6, 7.6275390625, 14.211914062500002, 1.225, 0.47672119140625, 0.8882446289062501, WalkDin
-1.8422851562500002, 0.7751953125000001, 9.149218750000001, -0.11514282226562501, 0.048449707031250004, 0.5718261718750001, WalkDin
-1.7896484375000001, 1.088623046875, 9.579882812500001, -0.11185302734375001, 0.0680389404296875, 0.5987426757812501, WalkDin
-2.581591796875, 1.3853027343750002, 9.328662109375001, -0.1613494873046875, 0.08658142089843751, 0.5830413818359376, WalkDin
-5.033984375, 5.1129394531250005, 19.599401855468752, -0.3146240234375, 0.31955871582031253, 1.224962615966797, WalkDin
-6.950439453125001, 0.45937500000000003, 10.42685546875, -0.43440246582031256, 0.028710937500000002, 0.651678466796875, WalkDin
19.6, 19.6, 19.6, 1.225, 1.225, 1.225, WalkDin
-1.643701171875, 0.8732910156250001, 9.18271484375, -0.1027313232421875, 0.05458068847656251, 0.573919677734375, WalkDin
-1.83271484375, 1.2273925781250001, 9.192285156250001, -0.114544677734375, 0.07671203613281251, 0.5745178222656251, WalkDin
-2.265771484375, 1.320703125, 8.7759765625, -0.1416107177734375, 0.0825439453125, 0.54849853515625, WalkDin
-19.573681640625, 19.599401855468752, 19.599401855468752, -1.2233551025390625, 1.224962615966797, 1.224962615966797, WalkDin
-7.5533691406250005, 5.395263671875, 7.663427734375, -0.47208557128906253, 0.3372039794921875, 0.4789642333984375, WalkDin
19.6, 19.6, -17.762500000000003, 1.225, 1.225, -1.1101562500000002, WalkDin
-1.435546875, 0.887646484375, 9.096582031250001, -0.0897216796875, 0.0554779052734375, 0.5685363769531251, WalkDin
-1.44990234375, 1.6724121093750002, 9.18271484375, -0.090618896484375, 0.10452575683593751, 0.573919677734375, WalkDin
-2.0001953125000003, 0.9905273437500001, 8.929101562500001, -0.12501220703125002, 0.061907958984375004, 0.5580688476562501, WalkDin
3.3807128906250004, 1.3709472656250001, 8.072558593750001, 0.21129455566406252, 0.08568420410156251, 0.5045349121093751, WalkDin
-6.6202636718750005, -2.213134765625, 7.878759765625, -0.41376647949218753, -0.1383209228515625, 0.4924224853515625, WalkDin
19.6, 19.6, -6.05322265625, 1.225, 1.225, -0.378326416015625, WalkDin
-1.9690917968750001, 0.404345703125, 9.228173828125001, -0.12306823730468751, 0.0252716064453125, 0.5767608642578126, WalkDin
-1.332666015625, 0.8350097656250001, 9.907666015625, -0.0832916259765625, 0.052188110351562504, 0.6192291259765625, WalkDin
-2.12939453125, 1.2178222656250002, 8.8525390625, -0.133087158203125, 0.07611389160156251, 0.55328369140625, WalkDin
8.2208984375, -12.486865234375001, 6.890026855468751, 0.51380615234375, -0.7804290771484376, 0.4306266784667969, WalkDin
-5.476611328125, -6.531738281250001, 9.323876953125001, -0.3422882080078125, -0.40823364257812506, 0.5827423095703126, WalkDin
19.6, -8.826220703125001, 19.6, 1.225, -0.5516387939453126, 1.225, WalkDin
-1.7609375, 1.052734375, 9.491357421875001, -0.11005859375, 0.0657958984375, 0.5932098388671876, WalkDin
-1.811181640625, 1.29677734375, 9.390869140625, -0.1131988525390625, 0.081048583984375, 0.5869293212890625, WalkDin
-1.6700195312500001, 0.557470703125, 9.362158203125, -0.10437622070312501, 0.0348419189453125, 0.5851348876953125, WalkDin
19.6, -2.8184570312500004, 12.402526855468752, 1.225, -0.17615356445312502, 0.775157928466797, WalkDin
-5.0411621093750005, -4.655957031250001, 10.584765625000001, -0.31507263183593753, -0.29099731445312504, 0.6615478515625001, WalkDin
19.6, -16.027880859375003, 3.8544433593750003, 1.225, -1.0017425537109377, 0.24090270996093752, WalkDin
-1.9332031250000001, 0.9450683593750001, 9.462646484375, -0.12082519531250001, 0.05906677246093751, 0.5914154052734375, WalkDin
-1.665234375, 1.1962890625, 9.108544921875001, -0.1040771484375, 0.07476806640625, 0.5692840576171876, WalkDin
-2.308837890625, 1.1699707031250002, 9.64208984375, -0.1443023681640625, 0.07312316894531251, 0.602630615234375, WalkDin
1.129296875, 6.304443359375001, 19.599401855468752, 0.0705810546875, 0.39402770996093756, 1.224962615966797, WalkDin
-6.59873046875, -4.5147949218750005, 12.185400390625, -0.412420654296875, -0.28217468261718753, 0.7615875244140625, WalkDin
-14.264550781250001, -2.10546875, 19.599401855468752, -0.8915344238281251, -0.131591796875, 1.224962615966797, WalkDin
-1.5982421875000001, 0.7512695312500001, 9.213818359375, -0.09989013671875001, 0.046954345703125004, 0.5758636474609375, WalkDin
-1.5886718750000002, 1.0359863281250001, 9.22578125, -0.09929199218750001, 0.06474914550781251, 0.576611328125, WalkDin
-2.021728515625, 1.1005859375, 9.292773437500001, -0.1263580322265625, 0.06878662109375, 0.5807983398437501, WalkDin
3.366357421875, 11.481982421875001, 19.599401855468752, 0.2103973388671875, 0.7176239013671876, 1.224962615966797, WalkDin
-8.838183593750001, 0.275146484375, 13.333837890625, -0.5523864746093751, 0.0171966552734375, 0.8333648681640625, WalkDin
-2.3160156250000004, 16.14990234375, 2.3231933593750003, -0.14475097656250002, 1.009368896484375, 0.14519958496093752, WalkDin
-1.6030273437500002, 0.815869140625, 9.256884765625001, -0.10018920898437501, 0.0509918212890625, 0.5785552978515626, WalkDin
-1.9236328125000002, 1.189111328125, 9.051123046875, -0.12022705078125001, 0.0743194580078125, 0.5656951904296875, WalkDin
-2.5265625000000003, 1.1556152343750001, 8.91474609375, -0.15791015625000002, 0.07222595214843751, 0.557171630859375, WalkDin
0.0478515625, 7.77109375, 6.579589843750001, 0.00299072265625, 0.485693359375, 0.41122436523437506, WalkDin
-8.448193359375, 0.5837890625000001, 15.058886718750001, -0.5280120849609375, 0.036486816406250004, 0.9411804199218751, WalkDin
-2.241845703125, 1.0838378906250001, 9.091796875, -0.1401153564453125, 0.06773986816406251, 0.5682373046875, WalkDin
6.0580078125000005, 3.514697265625, 19.599401855468752, 0.37862548828125003, 0.2196685791015625, 1.224962615966797, WalkDin
-2.4954589843750004, 0.23925781250000003, 10.185205078125001, -0.15596618652343752, 0.014953613281250002, 0.6365753173828126, WalkDin
19.6, -0.3828125, 17.075830078125, 1.225, -0.02392578125, 1.0672393798828126, WalkDin
-2.5433105468750004, 4.5147949218750005, 11.185302734375, -0.15895690917968752, 0.28217468261718753, 0.6990814208984375, WalkDin
-1.859033203125, 1.045556640625, 9.247314453125, -0.1161895751953125, 0.0653472900390625, 0.5779571533203125, WalkDin
-2.1916015625000003, 0.9546386718750001, 9.122900390625, -0.13697509765625002, 0.059664916992187504, 0.5701812744140625, WalkDin
-0.983349609375, -0.868505859375, 8.23046875, -0.0614593505859375, -0.0542816162109375, 0.514404296875, WalkDin
-2.8615234375000003, 7.9529296875, 12.994091796875, -0.17884521484375002, 0.49705810546875, 0.8121307373046875, WalkDin
19.6, 17.894091796875003, 10.436425781250001, 1.225, 1.1183807373046877, 0.6522766113281251, WalkDin
-1.26806640625, -7.438525390625, 19.599401855468752, -0.079254150390625, -0.4649078369140625, 1.224962615966797, WalkDin
-1.31591796875, 1.236962890625, 8.976953125000001, -0.082244873046875, 0.0773101806640625, 0.5610595703125001, WalkDin
-1.8135742187500001, 0.976171875, 9.290380859375, -0.11334838867187501, 0.0610107421875, 0.5806488037109375, WalkDin
-1.7465820312500002, 1.3302734375, 9.118115234375, -0.10916137695312501, 0.08314208984375, 0.5698822021484375, WalkDin
-4.608105468750001, -1.3709472656250001, 1.677197265625, -0.28800659179687504, -0.08568420410156251, 0.1048248291015625, WalkDin
-10.68525390625, 9.022412109375, 8.48408203125, -0.667828369140625, 0.5639007568359375, 0.530255126953125, WalkDin
19.6, -7.534228515625, 7.567724609375, 1.225, -0.4708892822265625, 0.4729827880859375, WalkDin
-2.103076171875, 0.605322265625, 9.627734375000001, -0.1314422607421875, 0.0378326416015625, 0.6017333984375001, WalkDin
-1.73701171875, 0.9953125, 9.295166015625, -0.108563232421875, 0.06220703125, 0.5809478759765625, WalkDin
-2.2920898437500004, 1.0599121093750001, 9.149218750000001, -0.14325561523437502, 0.06624450683593751, 0.5718261718750001, WalkDin
2.2562011718750004, 4.498046875, 19.599401855468752, 0.14101257324218752, 0.2811279296875, 1.224962615966797, WalkDin
-2.509814453125, 1.0120605468750001, 11.247509765625, -0.1568634033203125, 0.06325378417968751, 0.7029693603515625, WalkDin
19.6, -6.756640625, 15.49912109375, 1.225, -0.4222900390625, 0.968695068359375, WalkDin
-5.366552734375, 3.3807128906250004, 14.17841796875, -0.3354095458984375, 0.21129455566406252, 0.886151123046875, WalkDin
-1.6269531250000002, 0.9618164062500001, 9.247314453125, -0.10168457031250001, 0.060113525390625006, 0.5779571533203125, WalkDin
-2.117431640625, 0.976171875, 8.905175781250001, -0.1323394775390625, 0.0610107421875, 0.5565734863281251, WalkDin
3.634326171875, 2.99072265625, 14.625830078125, 0.2271453857421875, 0.186920166015625, 0.9141143798828125, WalkDin
-1.8614257812500001, 3.25869140625, 12.8625, -0.11633911132812501, 0.203668212890625, 0.80390625, WalkDin
19.6, -6.639404296875001, 19.599401855468752, 1.225, -0.41496276855468756, 1.224962615966797, WalkDin
-5.0411621093750005, 2.6988281250000004, 14.479882812500001, -0.31507263183593753, 0.16867675781250002, 0.9049926757812501, WalkDin
-1.7896484375000001, 1.016845703125, 9.170751953125, -0.11185302734375001, 0.0635528564453125, 0.5731719970703125, WalkDin
-2.0480468750000003, 0.9259277343750001, 9.149218750000001, -0.12800292968750002, 0.057870483398437506, 0.5718261718750001, WalkDin
11.347998046875, 1.868603515625, 16.456152343750002, 0.7092498779296875, 0.1167877197265625, 1.0285095214843751, WalkDin
-2.3231933593750003, 3.9549316406250004, 14.077929687500001, -0.14519958496093752, 0.24718322753906252, 0.8798706054687501, WalkDin
19.6, -5.7469726562500005, 19.415771484375, 1.225, -0.35918579101562503, 1.2134857177734375, WalkDin
-0.43305664062500004, -0.9283203125, 10.656542968750001, -0.027066040039062503, -0.05802001953125, 0.6660339355468751, WalkDin
-1.7346191406250002, 0.815869140625, 9.314306640625, -0.10841369628906251, 0.0509918212890625, 0.5821441650390625, WalkDin
-1.78486328125, 1.045556640625, 9.118115234375, -0.111553955078125, 0.0653472900390625, 0.5698822021484375, WalkDin
-2.5744140625000003, 4.43583984375, 19.599401855468752, -0.16090087890625002, 0.277239990234375, 1.224962615966797, WalkDin
-2.8256347656250003, -0.9378906250000001, 10.76181640625, -0.17660217285156252, -0.058618164062500006, 0.672613525390625, WalkDin
19.6, -3.371142578125, 13.790820312500001, 1.225, -0.2106964111328125, 0.8619262695312501, WalkDin
-4.289892578125, 0.346923828125, 14.9966796875, -0.2681182861328125, 0.0216827392578125, 0.93729248046875, WalkDin
-2.074365234375, 0.820654296875, 9.08701171875, -0.1296478271484375, 0.0512908935546875, 0.567938232421875, WalkDin
-2.241845703125, 0.6603515625, 9.070263671875, -0.1401153564453125, 0.04127197265625, 0.5668914794921875, WalkDin
4.421484375, -0.248828125, 8.103662109375001, 0.2763427734375, -0.0155517578125, 0.5064788818359376, WalkDin
-5.072265625, -7.572509765625001, 10.9484375, -0.3170166015625, -0.47328186035156256, 0.68427734375, WalkDin
19.6, 19.6, 19.6, 1.225, 1.225, 1.225, WalkDin
-1.8518554687500002, 0.868505859375, 9.610986328125001, -0.11574096679687501, 0.0542816162109375, 0.6006866455078126, WalkDin
-1.92841796875, 0.7775878906250001, 9.1779296875, -0.120526123046875, 0.04859924316406251, 0.57362060546875, WalkDin
-2.3447265625, 0.8134765625000001, 9.309521484375, -0.14654541015625, 0.05084228515625001, 0.5818450927734375, WalkDin
0.088525390625, 14.276513671875001, 19.599401855468752, 0.0055328369140625, 0.8922821044921876, 1.224962615966797, WalkDin
-8.2974609375, 1.1340820312500002, 12.261962890625002, -0.51859130859375, 0.07088012695312501, 0.7663726806640626, WalkDin
-0.10527343750000001, 17.810351562500003, 16.972949218750003, -0.006579589843750001, 1.1131469726562502, 1.0608093261718752, WalkDin
-1.9236328125000002, 0.7632324218750001, 9.192285156250001, -0.12022705078125001, 0.047702026367187504, 0.5745178222656251, WalkDin
-1.8733886718750001, 0.976171875, 9.079833984375, -0.11708679199218751, 0.0610107421875, 0.5674896240234375, WalkDin
-2.7418945312500003, 0.49526367187500003, 9.098974609375, -0.17136840820312502, 0.030953979492187502, 0.5686859130859375, WalkDin
2.6222656250000003, 6.641796875000001, 8.5080078125, 0.16389160156250002, 0.41511230468750004, 0.53175048828125, WalkDin
-9.644482421875, 2.7849609375, 15.633105468750001, -0.6027801513671875, 0.17406005859375, 0.9770690917968751, WalkDin
-3.9429687500000004, -10.83837890625, 19.599401855468752, -0.24643554687500002, -0.677398681640625, 1.224962615966797, WalkDin
-2.09111328125, 1.165185546875, 9.005664062500001, -0.130694580078125, 0.0728240966796875, 0.5628540039062501, WalkDin
-2.045654296875, 1.1484375, 9.137255859375001, -0.1278533935546875, 0.07177734375, 0.5710784912109376, WalkDin
-2.95244140625, 0.64599609375, 8.007958984375001, -0.184527587890625, 0.040374755859375, 0.5004974365234376, WalkDin
1.0240234375000001, 6.6561523437500005, 7.184912109375, 0.06400146484375001, 0.41600952148437503, 0.4490570068359375, WalkDin
-14.910546875000001, 6.651367187500001, 19.599401855468752, -0.9319091796875001, 0.41571044921875006, 1.224962615966797, WalkDin
-11.54658203125, 4.344921875000001, 19.599401855468752, -0.721661376953125, 0.27155761718750004, 1.224962615966797, WalkDin
-2.0001953125000003, 1.1005859375, 9.352587890625001, -0.12501220703125002, 0.06878662109375, 0.5845367431640626, WalkDin
-2.15810546875, 0.8828613281250001, 9.304736328125001, -0.134881591796875, 0.055178833007812504, 0.5815460205078126, WalkDin
-1.5671386718750002, 0.10288085937500001, 7.4337402343750005, -0.09794616699218751, 0.0064300537109375005, 0.46460876464843753, WalkDin
-1.06708984375, 8.859716796875, 12.649560546875001, -0.066693115234375, 0.5537322998046875, 0.7905975341796876, WalkDin
-15.08759765625, 2.959619140625, 19.599401855468752, -0.942974853515625, 0.1849761962890625, 1.224962615966797, WalkDin
-4.041064453125, -5.634521484375, 18.166845703125002, -0.2525665283203125, -0.3521575927734375, 1.1354278564453126, WalkDin
-1.7106933593750002, 0.5455078125, 9.192285156250001, -0.10691833496093751, 0.03409423828125, 0.5745178222656251, WalkDin
-2.0576171875, 0.720166015625, 9.029589843750001, -0.12860107421875, 0.0450103759765625, 0.5643493652343751, WalkDin
-1.44990234375, 3.6438964843750004, 19.599401855468752, -0.090618896484375, 0.22774353027343752, 1.224962615966797, WalkDin
-2.3758300781250004, -9.529638671875, 12.898388671875, -0.14848937988281252, -0.5956024169921875, 0.8061492919921875, WalkDin
19.6, -13.482177734375002, 3.311328125, 1.225, -0.8426361083984376, 0.2069580078125, WalkDin
-1.571923828125, 0.16748046875, 9.149218750000001, -0.0982452392578125, 0.010467529296875, 0.5718261718750001, WalkDin
-1.9212402343750001, 0.8302246093750001, 9.041552734375001, -0.12007751464843751, 0.051889038085937506, 0.5650970458984376, WalkDin
-2.318408203125, 0.6077148437500001, 9.075048828125, -0.1449005126953125, 0.037982177734375004, 0.5671905517578125, WalkDin
2.6126953125, -0.677099609375, 9.723437500000001, 0.16329345703125, -0.0423187255859375, 0.6077148437500001, WalkDin
-4.141552734375001, -10.979541015625001, 9.094189453125, -0.25884704589843754, -0.6862213134765626, 0.5683868408203125, WalkDin
19.6, 19.6, -7.8285156250000005, 1.225, 1.225, -0.48928222656250003, WalkDin
-1.9619140625000002, 0.9474609375, 9.436328125000001, -0.12261962890625001, 0.05921630859375, 0.5897705078125001, WalkDin
-1.519287109375, 1.150830078125, 9.094189453125, -0.0949554443359375, 0.0719268798828125, 0.5683868408203125, WalkDin
-1.9571289062500001, 1.06708984375, 9.27841796875, -0.12232055664062501, 0.066693115234375, 0.579901123046875, WalkDin
2.749072265625, 1.208251953125, 11.426953125, 0.1718170166015625, 0.0755157470703125, 0.7141845703125, WalkDin
-4.7564453125, -4.297070312500001, 11.261865234375001, -0.29727783203125, -0.26856689453125004, 0.7038665771484376, WalkDin
19.6, 19.6, -10.771386718750001, 1.225, 1.225, -0.6732116699218751, WalkDin
-1.906884765625, 1.052734375, 9.59423828125, -0.1191802978515625, 0.0657958984375, 0.599639892578125, WalkDin
-1.7465820312500002, 1.208251953125, 9.137255859375001, -0.10916137695312501, 0.0755157470703125, 0.5710784912109376, WalkDin
-2.2633789062500003, 0.8374023437500001, 9.25927734375, -0.14146118164062502, 0.05233764648437501, 0.578704833984375, WalkDin
2.428466796875, -0.476123046875, 11.374316406250001, 0.1517791748046875, -0.0297576904296875, 0.7108947753906251, WalkDin
-3.347216796875, -2.3471191406250003, 8.60849609375, -0.2092010498046875, -0.14669494628906252, 0.538031005859375, WalkDin
19.6, 19.6, -18.221875, 1.225, 1.225, -1.1388671875, WalkDin
-1.5551757812500002, 1.2417480468750002, 8.979345703125, -0.09719848632812501, 0.07760925292968751, 0.5612091064453125, WalkDin
-1.91884765625, 1.150830078125, 9.261669921875, -0.119927978515625, 0.0719268798828125, 0.5788543701171875, WalkDin
-2.1150390625, 1.282421875, 9.096582031250001, -0.13218994140625, 0.0801513671875, 0.5685363769531251, WalkDin
2.545703125, 2.600732421875, 8.711376953125, 0.1591064453125, 0.1625457763671875, 0.5444610595703125, WalkDin
-5.493359375000001, -3.49794921875, 10.04404296875, -0.34333496093750004, -0.218621826171875, 0.627752685546875, WalkDin
19.6, 19.6, 19.6, 1.225, 1.225, 1.225, WalkDin
-2.2490234375, 0.681884765625, 9.457861328125, -0.14056396484375, 0.0426177978515625, 0.5911163330078125, WalkDin
-2.0647949218750004, 0.9426757812500001, 9.18271484375, -0.12904968261718752, 0.058917236328125004, 0.573919677734375, WalkDin
-2.361474609375, 1.093408203125, 9.292773437500001, -0.1475921630859375, 0.0683380126953125, 0.5807983398437501, WalkDin
19.6, 17.563916015625, 19.599401855468752, 1.225, 1.0977447509765625, 1.224962615966797, WalkDin
-5.510107421875, -4.8976074218750005, 8.766406250000001, -0.3443817138671875, -0.30610046386718753, 0.5479003906250001, WalkDin
-10.936474609375, 5.4239746093750005, 19.6, -0.6835296630859375, 0.33899841308593753, 1.225, WalkDin
-2.117431640625, 0.8230468750000001, 9.414794921875, -0.1323394775390625, 0.051440429687500004, 0.5884246826171875, WalkDin
-2.294482421875, 1.222607421875, 8.821435546875001, -0.1434051513671875, 0.0764129638671875, 0.5513397216796876, WalkDin
-2.069580078125, 1.356591796875, 9.460253906250001, -0.1293487548828125, 0.0847869873046875, 0.5912658691406251, WalkDin
4.7660156250000005, -0.3828125, 7.919433593750001, 0.29787597656250003, -0.02392578125, 0.49496459960937506, WalkDin
-16.386767578125003, 14.501416015625, 12.13037109375, -1.0241729736328127, 0.9063385009765625, 0.758148193359375, WalkDin
7.73759765625, 19.6, 19.599401855468752, 0.483599853515625, 1.225, 1.224962615966797, WalkDin
-1.6580566406250001, 1.2178222656250002, 9.319091796875, -0.10362854003906251, 0.07611389160156251, 0.5824432373046875, WalkDin
-1.964306640625, 1.091015625, 9.53681640625, -0.1227691650390625, 0.0681884765625, 0.596051025390625, WalkDin
-2.2083496093750004, 2.342333984375, 10.45556640625, -0.13802185058593752, 0.1463958740234375, 0.653472900390625, WalkDin
0.8062988281250001, -4.294677734375, 7.73759765625, 0.050393676757812506, -0.2684173583984375, 0.483599853515625, WalkDin
-9.170751953125, 6.73271484375, 10.453173828125001, -0.5731719970703125, 0.420794677734375, 0.6533233642578126, WalkDin
4.687060546875, 13.405615234375, 14.783740234375001, 0.2929412841796875, 0.8378509521484375, 0.9239837646484376, WalkDin
-1.5767089843750002, 1.088623046875, 9.077441406250001, -0.09854431152343751, 0.0680389404296875, 0.5673400878906251, WalkDin
-2.10546875, 1.1484375, 9.299951171875001, -0.131591796875, 0.07177734375, 0.5812469482421876, WalkDin
-2.8902343750000004, 1.2393554687500001, 8.950634765625, -0.18063964843750002, 0.07745971679687501, 0.5594146728515625, WalkDin
-1.117333984375, 7.7567382812500005, 10.189990234375001, -0.0698333740234375, 0.48479614257812503, 0.6368743896484376, WalkDin
-8.031884765625001, 1.547998046875, 12.235644531250001, -0.5019927978515626, 0.0967498779296875, 0.7647277832031251, WalkDin
19.6, 19.599401855468752, 19.599401855468752, 1.225, 1.224962615966797, 1.224962615966797, WalkDin
-1.97626953125, 1.07666015625, 9.16357421875, -0.123516845703125, 0.067291259765625, 0.572723388671875, WalkDin
-2.0408691406250004, 1.1197265625000001, 9.113330078125001, -0.12755432128906252, 0.06998291015625001, 0.5695831298828126, WalkDin
-3.0720703125, 0.916357421875, 9.185107421875001, -0.19200439453125, 0.0572723388671875, 0.5740692138671876, WalkDin
1.509716796875, 8.261572265625, 6.2015625000000005, 0.0943572998046875, 0.5163482666015625, 0.38759765625000003, WalkDin
-9.065478515625001, 4.129589843750001, 14.475097656250002, -0.5665924072265626, 0.25809936523437504, 0.9046936035156251, WalkDin
6.1895996093750005, 19.6, 15.558935546875, 0.38684997558593753, 1.225, 0.9724334716796875, WalkDin
-1.8614257812500001, 1.112548828125, 9.127685546875, -0.11633911132812501, 0.0695343017578125, 0.5704803466796875, WalkDin
-2.2107421875, 1.0599121093750001, 9.223388671875, -0.13817138671875, 0.06624450683593751, 0.5764617919921875, WalkDin
-2.9739746093750004, 0.681884765625, 9.256884765625001, -0.18587341308593752, 0.0426177978515625, 0.5785552978515626, WalkDin
1.524072265625, 5.050732421875001, 9.096582031250001, 0.0952545166015625, 0.31567077636718754, 0.5685363769531251, WalkDin
-8.807080078125, 3.04814453125, 13.326660156250002, -0.5504425048828125, 0.190509033203125, 0.8329162597656251, WalkDin
-0.5909667968750001, -12.900781250000001, -10.245019531250001, -0.036935424804687506, -0.8062988281250001, -0.6403137207031251, WalkDin
-1.7417968750000001, 0.765625, 9.237744140625, -0.10886230468750001, 0.0478515625, 0.5773590087890625, WalkDin
-1.97626953125, 0.8589355468750001, 9.180322265625001, -0.123516845703125, 0.053683471679687504, 0.5737701416015626, WalkDin
-3.2323730468750003, 0.868505859375, 8.92431640625, -0.20202331542968752, 0.0542816162109375, 0.557769775390625, WalkDin
0.6675292968750001, 6.737500000000001, 8.074951171875, 0.041720581054687504, 0.42109375000000004, 0.5046844482421875, WalkDin
-9.969873046875001, 3.7946289062500003, 12.12080078125, -0.6231170654296876, 0.23716430664062502, 0.757550048828125, WalkDin
5.940771484375, 6.347509765625, 19.6, 0.3712982177734375, 0.3967193603515625, 1.225, WalkDin
-2.0360839843750003, 1.06708984375, 9.137255859375001, -0.12725524902343752, 0.066693115234375, 0.5710784912109376, WalkDin
-2.055224609375, 1.1221191406250002, 9.142041015625, -0.1284515380859375, 0.07013244628906251, 0.5713775634765625, WalkDin
-2.68447265625, 1.6389160156250002, 9.539208984375001, -0.167779541015625, 0.10243225097656251, 0.5962005615234376, WalkDin
2.7179687500000003, 3.055322265625, 6.091503906250001, 0.16987304687500002, 0.1909576416015625, 0.38071899414062504, WalkDin
-12.05380859375, 10.099072265625, 12.637597656250001, -0.753363037109375, 0.6311920166015625, 0.7898498535156251, WalkDin
-5.294775390625, -16.157080078125002, 19.599401855468752, -0.3309234619140625, -1.0098175048828126, 1.224962615966797, WalkDin
-1.8303222656250002, 1.045556640625, 9.0630859375, -0.11439514160156251, 0.0653472900390625, 0.56644287109375, WalkDin
-2.122216796875, 1.117333984375, 9.237744140625, -0.1326385498046875, 0.0698333740234375, 0.5773590087890625, WalkDin
-3.2443359375000003, 1.294384765625, 8.5080078125, -0.20277099609375002, 0.0808990478515625, 0.53175048828125, WalkDin
1.2034667968750001, 3.3041503906250003, 5.179931640625, 0.07521667480468751, 0.20650939941406252, 0.3237457275390625, WalkDin
-10.843164062500001, 8.82861328125, 14.22626953125, -0.6776977539062501, 0.551788330078125, 0.889141845703125, WalkDin
-14.36982421875, -14.58994140625, 19.599401855468752, -0.898114013671875, -0.911871337890625, 1.224962615966797, WalkDin
-1.6030273437500002, 1.091015625, 9.113330078125001, -0.10018920898437501, 0.0681884765625, 0.5695831298828126, WalkDin
-2.122216796875, 1.1795410156250001, 9.118115234375, -0.1326385498046875, 0.07372131347656251, 0.5698822021484375, WalkDin
-3.043359375, 1.112548828125, 8.000781250000001, -0.1902099609375, 0.0695343017578125, 0.5000488281250001, WalkDin
0.021533203125, 5.589062500000001, 9.716259765625, 0.0013458251953125, 0.34931640625000004, 0.6072662353515625, WalkDin
-17.568701171875002, 10.78095703125, 19.599401855468752, -1.0980438232421876, 0.673809814453125, 1.224962615966797, WalkDin
1.9260253906250002, 19.6, 19.599401855468752, 0.12037658691406251, 1.225, 1.224962615966797, WalkDin
-1.9499511718750002, 1.052734375, 9.204248046875001, -0.12187194824218751, 0.0657958984375, 0.5752655029296876, WalkDin
-1.8973144531250001, 1.1484375, 9.103759765625, -0.11858215332031251, 0.07177734375, 0.5689849853515625, WalkDin
-0.25600585937500003, 2.583984375, 16.831787109375, -0.016000366210937502, 0.1614990234375, 1.0519866943359375, WalkDin
-5.01962890625, -0.13876953125000002, 10.635009765625, -0.313726806640625, -0.008673095703125001, 0.6646881103515625, WalkDin
19.6, 19.6, -7.749560546875, 1.225, 1.225, -0.4843475341796875, WalkDin
-2.237060546875, 0.59814453125, 9.575097656250001, -0.1398162841796875, 0.037384033203125, 0.5984436035156251, WalkDin
-1.856640625, 1.1962890625, 9.323876953125001, -0.1160400390625, 0.07476806640625, 0.5827423095703126, WalkDin
-2.0839355468750003, 0.6436035156250001, 9.357373046875, -0.13024597167968752, 0.040225219726562504, 0.5848358154296875, WalkDin
2.485888671875, -0.26557617187500004, 9.398046875, 0.1553680419921875, -0.016598510742187503, 0.5873779296875, WalkDin
-6.043652343750001, -3.557763671875, 11.608789062500001, -0.37772827148437504, -0.2223602294921875, 0.7255493164062501, WalkDin
19.6, 19.6, 19.6, 1.225, 1.225, 1.225, WalkDin
-1.4068359375000001, 1.0981933593750002, 9.316699218750001, -0.08792724609375001, 0.06863708496093751, 0.5822937011718751, WalkDin
-1.5791015625000002, 1.088623046875, 9.1587890625, -0.09869384765625001, 0.0680389404296875, 0.57242431640625, WalkDin
-2.13896484375, 0.8661132812500001, 9.347802734375001, -0.133685302734375, 0.054132080078125006, 0.5842376708984376, WalkDin
3.4716308593750003, 2.557666015625, 8.70419921875, 0.21697692871093752, 0.1598541259765625, 0.544012451171875, WalkDin
-6.074755859375, -0.820654296875, 8.976953125000001, -0.3796722412109375, -0.0512908935546875, 0.5610595703125001, WalkDin
19.6, 19.6, 19.6, 1.225, 1.225, 1.225, WalkDin
-1.3254882812500002, 0.7775878906250001, 8.747265625, -0.08284301757812501, 0.04859924316406251, 0.5467041015625, WalkDin
-1.930810546875, 1.3733398437500002, 9.359765625000001, -0.1206756591796875, 0.08583374023437501, 0.5849853515625001, WalkDin
-1.990625, 1.49775390625, 9.285595703125, -0.1244140625, 0.093609619140625, 0.5803497314453125, WalkDin
-3.2730468750000004, 5.378515625, 19.599401855468752, -0.20456542968750002, 0.3361572265625, 1.224962615966797, WalkDin
-7.345214843750001, -4.136767578125, 12.546679687500001, -0.45907592773437506, -0.2585479736328125, 0.7841674804687501, WalkDin
-16.279101562500003, 18.793701171875, 19.599401855468752, -1.0174438476562502, 1.1746063232421875, 1.224962615966797, WalkDin
-1.906884765625, 0.8708984375000001, 9.472216796875001, -0.1191802978515625, 0.054431152343750004, 0.5920135498046876, WalkDin
-1.8733886718750001, 1.1101562500000002, 9.268847656250001, -0.11708679199218751, 0.06938476562500001, 0.5793029785156251, WalkDin
-2.4021484375, -0.76083984375, 9.130078125, -0.15013427734375, -0.047552490234375, 0.5706298828125, WalkDin
2.380615234375, 4.3640625, 4.7062011718750005, 0.1487884521484375, 0.27275390625, 0.29413757324218753, WalkDin
-11.687744140625, 4.285107421875001, 19.599401855468752, -0.7304840087890625, 0.26781921386718754, 1.224962615966797, WalkDin
-17.7337890625, -6.376220703125001, 19.599401855468752, -1.10836181640625, -0.39851379394531256, 1.224962615966797, WalkDin
-1.6149902343750002, 1.198681640625, 9.333447265625, -0.10093688964843751, 0.0749176025390625, 0.5833404541015625, WalkDin
-1.9212402343750001, 0.95224609375, 9.146826171875, -0.12007751464843751, 0.059515380859375, 0.5716766357421875, WalkDin
-0.39716796875000004, -0.057421875000000004, 7.9481445312500005, -0.024822998046875003, -0.0035888671875000003, 0.49675903320312503, WalkDin
-1.3254882812500002, 6.306835937500001, 6.531738281250001, -0.08284301757812501, 0.39417724609375004, 0.40823364257812506, WalkDin
19.6, 2.08154296875, 19.599401855468752, 1.225, 0.130096435546875, 1.224962615966797, WalkDin
-1.3876953125, -5.897705078125, 14.652148437500001, -0.08673095703125, -0.3686065673828125, 0.9157592773437501, WalkDin
-1.595849609375, 0.8374023437500001, 9.046337890625, -0.0997406005859375, 0.05233764648437501, 0.5653961181640625, WalkDin
-1.930810546875, 0.6125, 9.1109375, -0.1206756591796875, 0.03828125, 0.56943359375, WalkDin
-0.40673828125000006, 2.5026367187500003, 19.599401855468752, -0.025421142578125003, 0.15641479492187502, 1.224962615966797, WalkDin
-2.37822265625, 2.337548828125, 8.840576171875, -0.148638916015625, 0.1460968017578125, 0.5525360107421875, WalkDin
19.6, -8.450585937500001, 11.357568359375001, 1.225, -0.5281616210937501, 0.7098480224609376, WalkDin
-3.7946289062500003, -1.06708984375, 11.67099609375, -0.23716430664062502, -0.066693115234375, 0.729437255859375, WalkDin
-1.6939453125000001, 0.8900390625000001, 9.206640625, -0.10587158203125001, 0.055627441406250006, 0.5754150390625, WalkDin
-2.0241210937500003, 0.8948242187500001, 8.586962890625001, -0.12650756835937502, 0.055926513671875004, 0.5366851806640626, WalkDin
3.0983886718750004, -0.270361328125, 11.816943359375001, 0.19364929199218753, -0.0168975830078125, 0.7385589599609376, WalkDin
-4.7564453125, -4.0003906250000005, 10.989111328125, -0.29727783203125, -0.25002441406250003, 0.6868194580078125, WalkDin
19.6, 19.6, 19.6, 1.225, 1.225, 1.225, WalkDin
-1.9978027343750002, 1.36376953125, 10.029687500000001, -0.12486267089843751, 0.085235595703125, 0.6268554687500001, WalkDin
-1.868603515625, 1.06708984375, 9.316699218750001, -0.1167877197265625, 0.066693115234375, 0.5822937011718751, WalkDin
-1.9499511718750002, 0.6268554687500001, 8.91474609375, -0.12187194824218751, 0.039178466796875006, 0.557171630859375, WalkDin
8.168261718750001, -1.964306640625, -4.995703125, 0.5105163574218751, -0.1227691650390625, -0.3122314453125, WalkDin
-6.136962890625001, -4.533935546875, 12.080126953125001, -0.38356018066406256, -0.2833709716796875, 0.7550079345703126, WalkDin
19.6, -3.677392578125, 19.6, 1.225, -0.2298370361328125, 1.225, WalkDin
-2.10546875, 0.7105957031250001, 9.20185546875, -0.131591796875, 0.044412231445312506, 0.575115966796875, WalkDin
-1.9954101562500002, 0.9259277343750001, 9.108544921875001, -0.12471313476562501, 0.057870483398437506, 0.5692840576171876, WalkDin
-2.1724609375000004, 0.9953125, 9.309521484375, -0.13577880859375002, 0.06220703125, 0.5818450927734375, WalkDin
-0.42348632812500003, 4.995703125, 18.324755859375003, -0.026467895507812502, 0.3122314453125, 1.1452972412109377, WalkDin
-13.845849609375001, 6.426464843750001, 9.42197265625, -0.8653656005859376, 0.40165405273437504, 0.588873291015625, WalkDin
-2.796923828125, 3.1773437500000004, 7.5701171875, -0.1748077392578125, 0.19858398437500002, 0.47313232421875, WalkDin
-1.8470703125, 0.5191894531250001, 9.2544921875, -0.11544189453125, 0.032449340820312506, 0.57840576171875, WalkDin
-1.7346191406250002, 0.6627441406250001, 9.1396484375, -0.10841369628906251, 0.041421508789062506, 0.57122802734375, WalkDin
-1.8063964843750002, 0.708203125, 9.264062500000001, -0.11289978027343751, 0.0442626953125, 0.5790039062500001, WalkDin
-3.90947265625, 6.2302734375, 12.367236328125001, -0.244342041015625, 0.38939208984375, 0.7729522705078126, WalkDin
-1.1077636718750001, 5.2349609375, 11.441308593750001, -0.06923522949218751, 0.32718505859375, 0.7150817871093751, WalkDin
-18.06875, 0.48090820312500004, 19.599401855468752, -1.129296875, 0.030056762695312503, 1.224962615966797, WalkDin
-4.648779296875, 0.19858398437500002, 12.884033203125002, -0.2905487060546875, 0.012411499023437501, 0.8052520751953126, WalkDin
-1.715478515625, 0.8254394531250001, 9.256884765625001, -0.1072174072265625, 0.05158996582031251, 0.5785552978515626, WalkDin
-2.22509765625, 1.22021484375, 9.477001953125, -0.139068603515625, 0.076263427734375, 0.5923126220703125, WalkDin
-7.838085937500001, 4.15830078125, 19.599401855468752, -0.48988037109375004, 0.259893798828125, 1.224962615966797, WalkDin
-4.8330078125, 1.1675781250000001, 9.180322265625001, -0.30206298828125, 0.07297363281250001, 0.5737701416015626, WalkDin
19.6, -11.9341796875, 11.225976562500001, 1.225, -0.74588623046875, 0.7016235351562501, WalkDin
-1.557568359375, -0.026318359375000003, 9.041552734375001, -0.0973480224609375, -0.0016448974609375002, 0.5650970458984376, WalkDin
-1.940380859375, 0.90439453125, 9.256884765625001, -0.1212738037109375, 0.056524658203125, 0.5785552978515626, WalkDin
-2.3399414062500004, 0.7895507812500001, 9.000878906250001, -0.14624633789062502, 0.04934692382812501, 0.5625549316406251, WalkDin
-11.008251953125, -13.618554687500001, 17.915026855468753, -0.6880157470703125, -0.8511596679687501, 1.119689178466797, WalkDin
-5.706298828125, -7.201660156250001, 9.97705078125, -0.3566436767578125, -0.45010375976562506, 0.623565673828125, WalkDin
19.6, -5.9814453125, 19.6, 1.225, -0.37384033203125, 1.225, WalkDin
-1.8016113281250001, 0.729736328125, 9.58466796875, -0.11260070800781251, 0.0456085205078125, 0.599041748046875, WalkDin
-1.8159667968750002, 1.0623046875000002, 8.99609375, -0.11349792480468751, 0.06639404296875001, 0.562255859375, WalkDin
-2.198779296875, 1.0479492187500001, 9.460253906250001, -0.1374237060546875, 0.06549682617187501, 0.5912658691406251, WalkDin
-15.003857421875, 5.6751953125000005, 19.599401855468752, -0.9377410888671875, 0.35469970703125003, 1.224962615966797, WalkDin
-5.4718261718750005, -7.739990234375001, 12.381591796875002, -0.34198913574218753, -0.48374938964843756, 0.7738494873046876, WalkDin
16.383776855468753, -12.929492187500001, 19.599401855468752, 1.023986053466797, -0.8080932617187501, 1.224962615966797, WalkDin
-2.73232421875, 1.45947265625, 8.127587890625001, -0.170770263671875, 0.091217041015625, 0.5079742431640626, WalkDin
-1.9571289062500001, 0.9785644531250001, 9.079833984375, -0.12232055664062501, 0.061160278320312504, 0.5674896240234375, WalkDin
-2.667724609375, 0.696240234375, 8.953027343750001, -0.1667327880859375, 0.0435150146484375, 0.5595642089843751, WalkDin
-0.911572265625, 8.754443359375001, 14.20234375, -0.0569732666015625, 0.5471527099609376, 0.887646484375, WalkDin
-9.438720703125, -0.074169921875, 14.747851562500001, -0.5899200439453125, -0.0046356201171875, 0.9217407226562501, WalkDin
-4.14873046875, -9.268847656250001, -9.419580078125001, -0.259295654296875, -0.5793029785156251, -0.5887237548828126, WalkDin
-2.002587890625, 0.9331054687500001, 9.457861328125, -0.1251617431640625, 0.05831909179687501, 0.5911163330078125, WalkDin
-2.08154296875, 1.1101562500000002, 9.292773437500001, -0.130096435546875, 0.06938476562500001, 0.5807983398437501, WalkDin
-3.1127441406250003, 1.208251953125, 7.713671875, -0.19454650878906252, 0.0755157470703125, 0.4821044921875, WalkDin
-0.9426757812500001, 8.232861328125, 13.527636718750001, -0.058917236328125004, 0.5145538330078125, 0.8454772949218751, WalkDin
-17.209814453125002, 13.140039062500001, 19.599401855468752, -1.0756134033203126, 0.8212524414062501, 1.224962615966797, WalkDin
-13.510888671875001, 16.748046875, 19.599401855468752, -0.8444305419921876, 1.0467529296875, 1.224962615966797, WalkDin
-1.739404296875, 1.0814453125, 9.455468750000001, -0.1087127685546875, 0.06759033203125, 0.5909667968750001, WalkDin
-2.1198242187500003, 1.126904296875, 9.08701171875, -0.13248901367187502, 0.0704315185546875, 0.567938232421875, WalkDin
1.5647460937500002, 2.213134765625, 9.53681640625, 0.09779663085937501, 0.1383209228515625, 0.596051025390625, WalkDin
-1.79921875, 3.5075195312500003, 10.704394531250001, -0.112451171875, 0.21921997070312502, 0.6690246582031251, WalkDin
19.6, -6.754248046875, 18.444384765625003, 1.225, -0.4221405029296875, 1.1527740478515627, WalkDin
-5.5436035156250005, 0.5670410156250001, 12.24521484375, -0.34647521972656253, 0.035440063476562506, 0.765325927734375, WalkDin
-1.92841796875, 1.0144531250000002, 9.316699218750001, -0.120526123046875, 0.06340332031250001, 0.5822937011718751, WalkDin
-2.2083496093750004, 0.988134765625, 8.969775390625001, -0.13802185058593752, 0.0617584228515625, 0.5606109619140626, WalkDin
1.9451660156250001, 2.2992675781250003, 3.026611328125, 0.12157287597656251, 0.14370422363281252, 0.1891632080078125, WalkDin
-6.785351562500001, -1.20107421875, 11.484375, -0.42408447265625004, -0.075067138671875, 0.7177734375, WalkDin
19.6, 19.6, 19.6, 1.225, 1.225, 1.225, WalkDin
-2.58876953125, 1.016845703125, 9.3501953125, -0.161798095703125, 0.0635528564453125, 0.58438720703125, WalkDin
-2.122216796875, 1.0264160156250002, 9.161181640625001, -0.1326385498046875, 0.06415100097656251, 0.5725738525390626, WalkDin
-2.6126953125, 0.9905273437500001, 9.433935546875, -0.16329345703125, 0.061907958984375004, 0.5896209716796875, WalkDin
-1.244140625, 10.333544921875001, 19.521044921875003, -0.0777587890625, 0.6458465576171876, 1.2200653076171877, WalkDin
-9.084619140625001, -2.8734863281250003, 14.915332031250001, -0.5677886962890626, -0.17959289550781252, 0.9322082519531251, WalkDin
5.1727539062500005, 19.599401855468752, -0.3349609375, 0.32329711914062503, 1.224962615966797, -0.02093505859375, WalkDin
-1.763330078125, 0.92353515625, 9.34541015625, -0.1102081298828125, 0.057720947265625, 0.584088134765625, WalkDin
-1.87099609375, 1.016845703125, 9.120507812500001, -0.116937255859375, 0.0635528564453125, 0.5700317382812501, WalkDin
-2.277734375, 0.57421875, 8.708984375, -0.1423583984375, 0.035888671875, 0.5443115234375, WalkDin
0.9785644531250001, 6.1417480468750005, 6.244628906250001, 0.061160278320312504, 0.38385925292968753, 0.39028930664062506, WalkDin
-10.998681640625001, 5.4000488281250005, 16.956201171875, -0.6874176025390626, 0.33750305175781253, 1.0597625732421876, WalkDin
19.6, -9.716259765625, 19.599401855468752, 1.225, -0.6072662353515625, 1.224962615966797, WalkDin
-1.5647460937500002, 0.9426757812500001, 9.055908203125, -0.09779663085937501, 0.058917236328125004, 0.5659942626953125, WalkDin
-2.1365722656250004, 1.0024902343750002, 9.051123046875, -0.13353576660156252, 0.06265563964843751, 0.5656951904296875, WalkDin
-2.5385253906250003, 0.342138671875, 7.070068359375001, -0.15865783691406252, 0.0213836669921875, 0.44187927246093756, WalkDin
-0.47851562500000006, 7.7615234375, 11.41259765625, -0.029907226562500003, 0.48509521484375, 0.713287353515625, WalkDin
-15.305322265625001, 6.3570800781250005, 19.599401855468752, -0.9565826416015626, 0.39731750488281253, 1.224962615966797, WalkDin
19.6, 0.055029296875, 19.599401855468752, 1.225, 0.0034393310546875, 1.224962615966797, WalkDin
-1.6030273437500002, 1.088623046875, 9.2353515625, -0.10018920898437501, 0.0680389404296875, 0.57720947265625, WalkDin
-1.868603515625, 1.1675781250000001, 9.23056640625, -0.1167877197265625, 0.07297363281250001, 0.576910400390625, WalkDin
-1.6556640625, 2.165283203125, 10.343115234375, -0.10347900390625, 0.1353302001953125, 0.6464447021484375, WalkDin
1.452294921875, -0.46655273437500006, 9.283203125, 0.0907684326171875, -0.029159545898437503, 0.5802001953125, WalkDin
-17.0734375, -15.104345703125, 19.599401855468752, -1.06708984375, -0.9440216064453125, 1.224962615966797, WalkDin
-2.6318359375, 0.32539062500000004, 12.137548828125, -0.16448974609375, 0.020336914062500003, 0.7585968017578125, WalkDin
-1.835107421875, 0.6986328125000001, 9.2544921875, -0.1146942138671875, 0.043664550781250006, 0.57840576171875, WalkDin
-1.53603515625, 0.516796875, 8.622851562500001, -0.096002197265625, 0.0322998046875, 0.5389282226562501, WalkDin
-1.1556152343750001, 1.0024902343750002, 19.599401855468752, -0.07222595214843751, 0.06265563964843751, 1.224962615966797, WalkDin
-3.227587890625, -3.155810546875, 13.195068359375002, -0.2017242431640625, -0.1972381591796875, 0.8246917724609376, WalkDin
19.6, -8.046240234375, 11.19248046875, 1.225, -0.5028900146484375, 0.699530029296875, WalkDin
-3.8113769531250004, 1.58388671875, 10.635009765625, -0.23821105957031252, 0.098992919921875, 0.6646881103515625, WalkDin
-1.5599609375, 0.8541503906250001, 9.338232421875, -0.09749755859375, 0.053384399414062506, 0.5836395263671875, WalkDin
-2.01455078125, 0.815869140625, 9.113330078125001, -0.125909423828125, 0.0509918212890625, 0.5695831298828126, WalkDin
1.6173828125, -0.153125, 13.094580078125, 0.10108642578125, -0.0095703125, 0.8184112548828125, WalkDin
-3.16298828125, -8.0103515625, 9.113330078125001, -0.197686767578125, -0.50064697265625, 0.5695831298828126, WalkDin
19.6, 19.6, 19.6, 1.225, 1.225, 1.225, WalkDin
-1.835107421875, 0.610107421875, 9.37412109375, -0.1146942138671875, 0.0381317138671875, 0.585882568359375, WalkDin
-1.7681152343750002, 1.20107421875, 9.194677734375, -0.11050720214843751, 0.075067138671875, 0.5746673583984375, WalkDin
-2.3710449218750003, 0.7512695312500001, 9.21142578125, -0.14819030761718752, 0.046954345703125004, 0.575714111328125, WalkDin
19.6, -15.783837890625001, 19.599401855468752, 1.225, -0.9864898681640626, 1.224962615966797, WalkDin
-6.184814453125001, -5.309130859375, 10.993896484375, -0.38655090332031256, -0.3318206787109375, 0.6871185302734375, WalkDin
19.6, 0.5263671875, 7.395458984375001, 1.225, 0.03289794921875, 0.46221618652343754, WalkDin
-1.882958984375, 0.7464843750000001, 9.596630859375, -0.1176849365234375, 0.046655273437500006, 0.5997894287109375, WalkDin
-2.074365234375, 0.988134765625, 8.955419921875, -0.1296478271484375, 0.0617584228515625, 0.5597137451171875, WalkDin
-2.2992675781250003, 0.6747070312500001, 9.060693359375001, -0.14370422363281252, 0.042169189453125006, 0.5662933349609376, WalkDin
-12.668701171875002, 4.376025390625, 19.599401855468752, -0.7917938232421876, 0.2735015869140625, 1.224962615966797, WalkDin
-5.01005859375, -8.728125, 11.745166015625001, -0.313128662109375, -0.5455078125, 0.7340728759765626, WalkDin
19.599401855468752, 19.6, -14.611474609375001, 1.224962615966797, 1.225, -0.9132171630859376, WalkDin
